"baseline_id","case_id","case_version_id","method","path","group","app","business","scheduled_08_00","debug_execution_case_id","status_note"
"b0b34962-288d-45a3-92b2-b5c14eddc448","4762b48a-31f8-4a9e-a624-9fe78867265d","4ff7993a-1196-457d-b413-b213d1611e8c","GET","/print3dParam/api/v1/library/download","API Test / 一次性","","","no","","一次性人工用例保留，不参与自动批量"
"5efeff7a-1b5b-4121-a5de-e369bad5cf57","ac87883f-e2a3-4cab-89f3-83af0c1f5da3","eb1ee608-956c-4b43-9b20-d8931aab45e6","POST","/print3d/api/v1/question/feedback","API Test / 一次性","","","no","","一次性人工用例保留，不参与自动批量"
"d3ccaaef-addf-4bd5-a5ea-3ac09b78ddaa","52818cf3-5dee-4d94-bbba-4ae03261a42e","681ee143-1534-4ff8-9e44-9dde5845602f","POST","/print3d/api/v1/printJob/createReprint","API Test / 一次性","","","no","","一次性人工用例保留，不参与自动批量"
"26ae7ca6-e1ca-41b7-b08c-ff46114869d2","55531af9-ee11-4f2c-a504-30f11593355d","85536a72-1a11-4e69-8b08-9bc2342b8f52","POST","/print3d/api/v1/printJob/feedbackList","API Test / 一次性","","","no","","一次性人工用例保留，不参与自动批量"
"96f4e59f-68e2-407f-a887-dba368ececbd","34d65cc5-61a7-48d7-8997-16f79f3f2820","a716de29-c11a-4b1e-b88c-c13e281defb6","POST","/print3d/api/v1/modelComplaints/add","API Test / 一次性","","","no","","一次性人工用例保留，不参与自动批量"
"1add5543-1e51-4b62-bb07-9d8accdd1677","b85c2cb4-edc8-487b-b117-ad43e5924b0d","b933796a-0b5a-47c0-9866-1b9805002489","POST","/print3d/api/v1/aiModeling/image/optimizeAndGenerate","API Test / 一次性","","","no","","一次性人工用例保留，不参与自动批量"
"d008ed33-c11d-49c5-a0e1-b930000aab8c","4322a3e6-a855-41af-b824-f2931d2823ff","b7989b21-9ebf-4acb-b9e1-68bfed4755a1","POST","/print3d/api/v1/createTextModel/text","API Test / 一次性","","","no","","一次性人工用例保留，不参与自动批量"
"49d31ac6-10d4-437a-9fc5-2aa9ffc70e72","67fa4c38-f7e9-4844-ac10-6f7104c213d5","cf074d4e-1c21-4529-8fea-7635dc30d216","POST","/print3dParam/api/v1/library/download","API Test / 一次性","","","no","","一次性人工用例保留，不参与自动批量"
"21078633-5594-40d1-bfde-6448cffad06a","f0594695-8634-4a4b-95c1-54caae0e41c9","622930f6-ff1d-4669-9d68-3e2205307870","POST","/print3dParam/api/v1/model","API Test / 一次性","","","no","","一次性人工用例保留，不参与自动批量"
"b2efc4fb-cde3-4fad-b9da-608ee5a0f308","5e5336e3-8a00-46f1-bfee-91cec078ebe6","2bb328e9-672c-4af9-ab8e-75cc6b75d5b1","GET","/share/open/v1/BLogin/generateCaptcha","共享业务","","","no","","待核对所属应用/业务及接口契约，未完成本轮复验"
"cece951b-1ff3-46dd-b7d7-d15db560c340","6e0d5fdc-9a28-45ad-b4de-8e4652586872","c0d2a780-73c5-472c-8a30-8b68a89b72c8","GET","/share/open/v1/BLogin/regenerateAndSaveQRCode","共享业务","","","no","","待核对所属应用/业务及接口契约，未完成本轮复验"
"28c44a79-f1e8-45de-a826-c8ef222cef77","37b13551-8dac-4856-b980-f9227278f0f8","6110804d-7cdc-4c05-ad23-ac51ca340dee","GET","/share/open/v1/BLogin/sendSms","共享业务","","","no","","待核对所属应用/业务及接口契约，未完成本轮复验"
"417023c5-2d1c-4864-ba20-da77779960fc","ae85d47e-b33f-4ef6-b841-af43d2e27b53","92d5e620-d49e-4069-8034-64cc38e739f4","POST","/share/open/v1/BLogin/verifyCaptcha","共享业务","","","no","","待核对所属应用/业务及接口契约，未完成本轮复验"
"dd69f1fc-b98a-4b32-bc28-587b5c0c2b5a","e21280ff-e181-468e-ba66-ed8c1f0311f2","d7484405-dc5c-4cf8-a1a7-a35ec066bfd1","GET","/share/open/v1/region/addressInfo","共享业务","","","no","","待核对所属应用/业务及接口契约，未完成本轮复验"
"2867331c-e7a3-4a09-9a5f-1de442c28dc2","79eeb192-37b1-450b-bbe6-25944244549e","5c062759-e691-403c-b9a5-06cb58e89c8c","GET","/share/open/v1/region/areas","共享业务","","","no","","待核对所属应用/业务及接口契约，未完成本轮复验"
"6e98e52c-48cc-4e53-940b-d7bdf3511651","2b72f63f-b912-4be1-a2cd-75ad079d6646","1879aa50-0df0-4996-90bc-6c73599c5048","GET","/share/open/v1/region/cities","共享业务","","","no","","待核对所属应用/业务及接口契约，未完成本轮复验"
"87f84588-c555-49ee-9097-03e5de9e6c86","69d44fc0-b38f-4f30-971b-e153f0cba389","8eb956f0-919d-48db-90cc-2387d63e4a60","GET","/share/open/v1/region/provinces","共享业务","","","no","","待核对所属应用/业务及接口契约，未完成本轮复验"
"7de7c196-1ec6-419e-8067-045c1bb58efc","e0e2814c-89f7-49f0-9546-41a8ee9a2f39","405b0e75-71f0-4375-ba59-c790ab0a0287","GET","/print3d/api/v1/model/todayPrintRecommend","家用业务 · 已复验","com.kfb.model","home","yes","be56a785-b29e-4d07-8be4-7cc80055a87f","已保存新版本、真实调试通过并重新采纳，加入原08:00任务；不表示该接口全部场景覆盖"
"6ce18f19-434c-42a9-97a1-205bc1892c5a","5f2ba075-2db3-4752-b699-29a8945d2144","ce4ab201-8c14-4ea2-aa74-75fef30c2c64","GET","/print3d/api/v1/open/webPage","家用业务 · 已复验","com.kfb.model","home","yes","f2fe5fca-adcc-4f8f-9347-a24279ec9e12","已保存新版本、真实调试通过并重新采纳，加入原08:00任务；不表示该接口全部场景覆盖"
"8dc06d1e-3835-4bde-a64f-4d2f30249508","6197adc1-5149-44b6-a3e2-b6df94397628","b34b62ec-9ae0-46a7-aee7-a812eb2c25a9","GET","/print3d/api/v1/voxelModel/componentPage","家用业务 · 已复验","com.kfb.model","home","yes","c76d14d3-75c2-43b0-a926-839a25340efb","已保存新版本、真实调试通过并重新采纳，加入原08:00任务；不表示该接口全部场景覆盖"
"e1b48720-b7ed-4868-84ce-7aefd64c5636","aca173b0-48a7-4e06-99d9-7d86caf94a3b","c5b0a5bc-ead1-4b26-a30b-0b5bfec5e32d","GET","/print3d/api/v1/voxelModel/page","家用业务 · 已复验","com.kfb.model","home","yes","045571b0-e734-4194-948b-688ce5e6e76e","已保存新版本、真实调试通过并重新采纳，加入原08:00任务；不表示该接口全部场景覆盖"
"d5257eff-7b3a-4e0e-8086-f5d9a807ced4","12777885-7e39-4994-9774-4a34b1f8b717","446c079d-ab40-4f8f-b8b2-625d866900d3","GET","/print3d/api/v1/voxelModel/topSuccess","家用业务 · 已复验","com.kfb.model","home","yes","e7b7179d-e055-4638-b6b7-4be2f023d31e","已保存新版本、真实调试通过并重新采纳，加入原08:00任务；不表示该接口全部场景覆盖"
"17781e89-f2a7-4292-9c4e-4fc0d8dfbe4c","ec0fcb4e-824b-4aa9-9870-13950fe8c9be","46da374f-bbca-4887-9059-f8ab8409cd5c","GET","/print3d/api/v1/generalCategory/children","家用业务 · 已复验","com.kfb.model","home","yes","9aaade3e-4695-4259-9b40-a32f010a874f","已保存新版本、真实调试通过并重新采纳，加入原08:00任务；不表示该接口全部场景覆盖"
"58be53bc-eb7f-42d8-916b-896cbabbfd3e","028d992c-d791-4878-8688-dc019595e8de","fbf420ce-a60e-430d-b8d9-4f8db7777ebd","GET","/print3d/api/v1/generalCategory/graphicGraffiti/parent","家用业务 · 已复验","com.kfb.model","home","yes","f8723ee0-cdda-454b-b3fa-5014e2711273","已保存新版本、真实调试通过并重新采纳，加入原08:00任务；不表示该接口全部场景覆盖"
"3cdffc29-ab0c-42f5-b1b7-e04547eb1f15","bb897e94-1707-48ef-9ec2-39f6df76ac09","4243cfb9-4e7a-42e8-af28-463c1da9370b","GET","/print3d/api/v1/generalCategory/graphicGraffiti/tree","家用业务 · 已复验","com.kfb.model","home","yes","97313006-b992-47ec-b648-9216de8215cb","已保存新版本、真实调试通过并重新采纳，加入原08:00任务；不表示该接口全部场景覆盖"
"cbc2a7f9-10c2-4b74-a132-fe42a5ae3dec","59f49479-9f0e-4c89-9e72-00fb500d258e","8bd337b7-4760-4e2d-86ae-ce941aa6b76e","GET","/print3d/api/v1/questionCategory/tree","家用业务 · 已复验","com.kfb.model","home","yes","5f0aa65a-17fa-4459-b7f8-079bee4cf82d","已保存新版本、真实调试通过并重新采纳，加入原08:00任务；不表示该接口全部场景覆盖"
"ccf6030c-bbf2-4a82-bcaa-c5be0430cb3b","8b52da93-8f31-44d5-965d-d8994dbd5d2a","1b761803-f0fb-40cc-9348-009859d97959","GET","/print3d/api/v1/question/detail","家用业务 · 已复验","com.kfb.model","home","yes","393e30e9-3e48-447e-8b36-7b8c3c480e42","已保存新版本、真实调试通过并重新采纳，加入原08:00任务；不表示该接口全部场景覆盖"
"8aab5499-f273-4977-b650-153fa0ce33b7","72e9ea22-c202-4d61-91ad-f3c48cf499b3","43fdf850-b78a-4a7a-a543-a07d7968c8a0","GET","/print3d/api/v1/question/list","家用业务 · 已复验","com.kfb.model","home","yes","1d8692a0-b112-413c-bf1b-94a033d07203","已保存新版本、真实调试通过并重新采纳，加入原08:00任务；不表示该接口全部场景覆盖"
"37574db1-00bc-4062-8da1-3423b4cec094","56b5cb8d-2eae-4ff4-bb17-dc1a9257d0e2","b8b069fc-ba6b-49c4-8ef9-98dceefcd4ca","GET","/print3d/api/v1/codeBooks/queryGrades","家用业务 · 已复验","com.kfb.model","home","yes","fd0e3f83-92a6-478f-a438-29aa6ccbbcaf","已保存新版本、真实调试通过并重新采纳，加入原08:00任务；不表示该接口全部场景覆盖"
"4c55bc58-c997-4aa6-a089-0a504722026a","0fd1f654-dc1f-4445-bab8-40810457e5b8","8b3416a6-578a-46d9-bc34-ec8bf1ba7ac4","GET","/print3d/api/v1/codeBooks/querySubjects","家用业务 · 已复验","com.kfb.model","home","yes","acdd942b-a64c-484e-a1e2-9c9cde5fd137","已保存新版本、真实调试通过并重新采纳，加入原08:00任务；不表示该接口全部场景覆盖"
"0c62af2b-3a7c-47f9-8c2f-f0e553374641","178bf279-d1f3-4e16-911b-3a15262c1de3","640b6248-b441-4056-aa4c-cec4f983eceb","GET","/print3d/api/v1/feedback/category/first","家用业务 · 已复验","com.kfb.model","home","yes","24d32b11-8eb5-4253-b3c7-19b215ba363c","已保存新版本、真实调试通过并重新采纳，加入原08:00任务；不表示该接口全部场景覆盖"
"e5e370ec-b9e9-4540-9aa9-d51e086a7467","61f3bd77-4da6-40ca-a91c-64d388f13d43","4c7616ec-06af-49f9-9c95-9b9288f8b916","GET","/print3d/api/v1/open/printShard","家用业务 · 已复验","com.kfb.model","home","yes","54a3d54d-5747-443c-819e-b09c3db34233","已保存新版本、真实调试通过并重新采纳，加入原08:00任务；不表示该接口全部场景覆盖"
"e7a4cb52-fe1d-4af4-a769-ff8863eeab2d","5955d77b-ace9-47e8-9f18-61071448c12f","245e5f5c-ff06-4c85-a0b8-586b37f92cb3","GET","/print3d/api/v1/printJob/detail","家用业务 · 已复验","com.kfb.model","home","yes","904f74b0-21af-45cb-8351-0152a7786160","已保存新版本、真实调试通过并重新采纳，加入原08:00任务；不表示该接口全部场景覆盖"
"99a629a4-60c7-4cb0-91ee-8d97150b44c5","cd798526-4d94-4920-b21a-7d90b522e7d9","e43e667d-1d1d-47a3-9325-027f37f94ee7","GET","/print3d/api/v1/printJob/page","家用业务 · 已复验","com.kfb.model","home","yes","a7944864-96c0-4511-981e-99af25caf4b2","已保存新版本、真实调试通过并重新采纳，加入原08:00任务；不表示该接口全部场景覆盖"
"e778c543-d324-4ac8-8cb7-5e09c284d0a1","203c17ca-e162-4450-998a-ebecaea06d45","92930a84-200c-4b85-a6cc-1500ddaa7133","GET","/print3d/api/v1/model/recommend","家用业务 · 已复验","com.kfb.model","home","yes","3dc82009-f887-4e1b-95fe-41e396a9fb58","已保存新版本、真实调试通过并重新采纳，加入原08:00任务；不表示该接口全部场景覆盖"
"b13bf6ec-d95b-4c03-b803-40e46a1c699e","f654af2a-7cf5-4adb-b2bf-13513b0f7009","f96901f8-4fc3-4efe-ba70-0ae690d8f05d","GET","/print3d/api/v1/model/search","家用业务 · 已复验","com.kfb.model","home","yes","3e3b8f89-ed52-4ade-aa65-4ceb58d8c735","已保存新版本、真实调试通过并重新采纳，加入原08:00任务；不表示该接口全部场景覆盖"
"41fc2892-dcd7-492c-bb6a-084a2333e751","7b11900f-7834-44a9-b4df-b47cce47265d","5cd2fb7e-2ff0-41d8-9462-7dd942d9480b","GET","/print3d/api/v1/searchHistory/hot","家用业务 · 已复验","com.kfb.model","home","yes","43943ed5-bde7-48dc-b527-c36d2ee04fb0","已保存新版本、真实调试通过并重新采纳，加入原08:00任务；不表示该接口全部场景覆盖"
"252923e2-1915-4dd2-8404-976f683e18d6","7f88784f-2794-4194-851f-52a4d5bdc3b9","b9404765-b57c-42c8-a8ad-09dbdff982ae","GET","/print3d/api/v1/searchHistory/query","家用业务 · 已复验","com.kfb.model","home","yes","692c0cdc-4fcf-4320-b10d-f0ddb82bf294","已保存新版本、真实调试通过并重新采纳，加入原08:00任务；不表示该接口全部场景覆盖"
"1d4e1bbe-c007-426f-b1dd-8d1c9a994f0c","075479fd-a978-4bc8-bfce-4ead7091d3bb","182e3095-af94-497c-a431-a76ab9ffee2a","GET","/print3d/api/v1/guidance/finishInfo","家用业务 · 已复验","com.kfb.model","home","yes","ff8cdd8c-75d8-4588-a393-436baf7caff6","已保存新版本、真实调试通过并重新采纳，加入原08:00任务；不表示该接口全部场景覆盖"
"dccb6990-3f4d-418d-9e78-395f11bb2166","d7d1ec79-f294-4ad0-8d6f-e9ab8a322e2e","7f030b6e-c3e5-4632-9912-09b4468fde78","GET","/print3d/api/v1/guidance/info","家用业务 · 已复验","com.kfb.model","home","yes","de69e115-6d3a-4f48-bce1-65594c3cd2b8","已保存新版本、真实调试通过并重新采纳，加入原08:00任务；不表示该接口全部场景覆盖"
"35646c3f-c556-499b-b6c0-4cd3eb59b7ae","ea8c4608-2953-45e7-8f3d-08d2a5824021","05d603c9-d226-4586-9874-6f1f2a4606ba","GET","/print3d/api/v1/guidance/list","家用业务 · 已复验","com.kfb.model","home","yes","9c640af0-e1c4-45dd-a03e-32ae68653b17","已保存新版本、真实调试通过并重新采纳，加入原08:00任务；不表示该接口全部场景覆盖"
"2a8ba9f8-c46d-4426-aad8-96c9fa595e1f","24a9b33c-4137-474a-b324-efefec896eb2","c7770fbd-df56-4a85-938e-c2add562f458","GET","/print3d/api/v1/knobSetting/query","家用业务 · 已复验","com.kfb.model","home","yes","59bf49c8-e006-4f1c-a746-3b489352eddf","已保存新版本、真实调试通过并重新采纳，加入原08:00任务；不表示该接口全部场景覆盖"
"5979650d-6bbc-47fa-b5d2-84ec04cbae1b","736cc578-7c61-44c3-9d0b-8838d7eb5159","fc30f42e-da55-4c7e-9c21-cf9327b688a6","GET","/print3d/api/v1/model/detailByComponentSn","家用业务 · 已复验","com.kfb.model","home","yes","8e43b3dc-e9fd-4163-b338-b24219ff5451","已保存新版本、真实调试通过并重新采纳，加入原08:00任务；不表示该接口全部场景覆盖"
"f5e84166-4d57-4c83-ac28-59af86ccf487","50f1f04b-11c0-4acf-bdd7-9ff921e02b99","5fc79c58-2388-4eca-a2a0-5436acfce109","POST","/print3d/api/v1/model/detailByModelSns","家用业务 · 已复验","com.kfb.model","home","yes","c2abd755-c19b-45f9-ad2c-e3e79b6635e0","已保存新版本、真实调试通过并重新采纳，加入原08:00任务；不表示该接口全部场景覆盖"
"b40c9e4c-5788-43a8-ad84-3ae3c0328865","3ce18218-27b5-43fb-a1f7-0889c4df8fec","5de83f1c-2826-428d-9ec9-c85a8d231f91","GET","/print3d/api/v1/serviceCenter/guessYouMayAsk","家用业务 · 已复验","com.kfb.model","home","yes","9143843e-00b9-44d2-a2b4-0f3a55812e63","已保存新版本、真实调试通过并重新采纳，加入原08:00任务；不表示该接口全部场景覆盖"
"fc6831a9-7170-4a06-806e-f14891b5b3a1","9094a1a5-4ce6-44f9-8630-ddd5f7385bfa","5a23bc87-6717-4409-a4f7-438d52748cf8","GET","/print3d/api/v1/modelCategory/children","家用业务 · 已复验","com.kfb.model","home","yes","472c8a0f-3a5f-4ea6-a6b9-2e0343d2e507","已保存新版本、真实调试通过并重新采纳，加入原08:00任务；不表示该接口全部场景覆盖"
"53b40fd0-1598-4ffa-b5c1-789933477681","056718a6-9ff1-4770-8077-f38fc709d86b","614cfe3c-fe2b-4144-98ef-b3cbc421224f","GET","/print3d/api/v1/modelCategory/firstLevel","家用业务 · 已复验","com.kfb.model","home","yes","bb2431cb-3fe6-4723-ae6e-a6da67a20950","已保存新版本、真实调试通过并重新采纳，加入原08:00任务；不表示该接口全部场景覆盖"
"14895173-503d-43d6-a883-570113190e2e","8abb1940-a7b8-43be-9734-c2d6c5939489","5ff1418b-3383-4a80-a37f-9df7e11b7b8d","GET","/print3d/api/v1/modelCategory/secondLevel","家用业务 · 已复验","com.kfb.model","home","yes","fc5b4095-0b04-4304-a71f-425ed5f0035e","已保存新版本、真实调试通过并重新采纳，加入原08:00任务；不表示该接口全部场景覆盖"
"a4580098-26d8-486a-99c5-81fd81e85042","78f91f92-521c-48eb-be09-e8fff9a7b8a0","a52e72c6-217d-410c-864b-a45e4c4858d0","GET","/print3d/api/v1/modelCategory/tree","家用业务 · 已复验","com.kfb.model","home","yes","a20afc7f-33a0-44e3-81de-5c8cd33b8abc","已保存新版本、真实调试通过并重新采纳，加入原08:00任务；不表示该接口全部场景覆盖"
"631bdb97-d93e-4911-adcb-3ffa8a9770ba","36b7d33e-7063-446d-b77e-f5f2aeba085d","bd7cfc1e-cceb-41c8-bcd8-93d4ec10877b","GET","/print3d/api/v1/model/detail","家用业务 · 已复验","com.kfb.model","home","yes","70f3c74e-be7a-41c6-9116-2c1054a38c3f","已保存新版本、真实调试通过并重新采纳，加入原08:00任务；不表示该接口全部场景覆盖"
"b6b1807b-86fd-40f4-b800-695cd9f38a1d","26dc4ee5-396f-40bb-bdb9-f2e798eb2b2f","e818a077-01d2-454e-87d8-499ed96a3dd8","GET","/print3d/api/v1/model/libraryMetaOptions","家用业务 · 已复验","com.kfb.model","home","yes","a6443b54-804b-4110-a875-b0cd5ca61c87","已保存新版本、真实调试通过并重新采纳，加入原08:00任务；不表示该接口全部场景覆盖"
"62ad4879-accb-457a-b92c-1927f162e5bf","4fbd1f56-3220-4dc6-ac03-de7d98647f29","0f881723-3363-4578-a30f-ec090323ce43","GET","/print3d/api/v1/model/page","家用业务 · 已复验","com.kfb.model","home","yes","682fe542-4cb9-4fe5-a469-30f2cb4f6a10","已保存新版本、真实调试通过并重新采纳，加入原08:00任务；不表示该接口全部场景覆盖"
"8ecd9160-2e8c-4887-9e51-6a73c0a14882","42c2a7e9-0c93-406f-b63e-9ced5217a38c","a26a1c1e-3e45-41ba-a781-608414a61649","GET","/print3d/api/v1/share/activeModel","家用业务 · 已复验","com.kfb.model","home","yes","3b6415fb-0272-4574-94a3-15eb23440ca1","已保存新版本、真实调试通过并重新采纳，加入原08:00任务；不表示该接口全部场景覆盖"
"493226c0-0874-444d-ae0b-a1a583fb90ad","6cce1d17-5729-4b3f-9ccf-fa15ff444cdc","ea801787-1292-4745-865a-53d523224732","GET","/print3d/api/v1/share/modelDetail","家用业务 · 已复验","com.kfb.model","home","yes","d5c1acf3-f69f-45ba-b97e-583baef96985","已保存新版本、真实调试通过并重新采纳，加入原08:00任务；不表示该接口全部场景覆盖"
"6e8509ea-44ac-479b-8239-7290cd0eb82f","4862a4fe-504d-47f1-ac66-469b6c5a4042","996713ab-2482-4937-a64b-8ba7437f8611","GET","/print3d/api/v1/modelSeries/detail","家用业务 · 已复验","com.kfb.model","home","yes","df99e372-d507-4499-ba08-ea36371f0373","已保存新版本、真实调试通过并重新采纳，加入原08:00任务；不表示该接口全部场景覆盖"
"19333fa8-97dc-458b-a1ee-b7e7f246ddae","5263ab29-3e7b-4c83-970c-d718bd695b2e","20665f5a-b06e-4f26-8c52-e1fbbdcb641b","GET","/print3d/api/v1/modelSeries/myCollection","家用业务 · 已复验","com.kfb.model","home","yes","1bddd74c-2ef6-4883-baf6-2464985874ae","已保存新版本、真实调试通过并重新采纳，加入原08:00任务；不表示该接口全部场景覆盖"
"b80efa7a-6f10-4459-b1ca-7274118c9f29","9528bc60-e6ed-457c-b0a7-b2374d7907e5","c8291c39-432c-4a89-8484-d3605dacad34","GET","/print3d/api/v1/modelSeries/page","家用业务 · 已复验","com.kfb.model","home","yes","d160bdf0-3827-486e-ab9c-5a233bb1f2ac","已保存新版本、真实调试通过并重新采纳，加入原08:00任务；不表示该接口全部场景覆盖"
"fa60e909-0b7f-4870-bf99-8fd0fbdef3bf","d8ae5121-85d4-485e-bdec-8b92fe520f49","caf1eb2b-3534-4491-9c46-926dc27a3953","GET","/print3d/api/v1/modelSeries/queryList","家用业务 · 已复验","com.kfb.model","home","yes","2615ba8b-65a9-4128-b033-519d3d19077b","已保存新版本、真实调试通过并重新采纳，加入原08:00任务；不表示该接口全部场景覆盖"
"8c5ae7b2-8c63-45d9-81d3-58e5f69d70fc","4faeb162-d4bd-4464-ba8a-f7ae91e66f31","667b394a-0ac0-4f5c-9451-a584e49f0179","GET","/print3d/api/v1/modelSeries/recommendList","家用业务 · 已复验","com.kfb.model","home","yes","b3bba550-1578-4c6a-9f7d-af67818d553b","已保存新版本、真实调试通过并重新采纳，加入原08:00任务；不表示该接口全部场景覆盖"
"1d311d8f-3936-4c85-b29f-6a08aa3285bc","0c70264d-faee-469d-98cb-ebe37458a780","5fe27684-d9e0-4853-97de-953f2a0db17e","GET","/print3d/api/v1/open/seriesShard","家用业务 · 已复验","com.kfb.model","home","yes","b3c7ba85-fc5a-4d4c-a528-bdc72275ba05","已保存新版本、真实调试通过并重新采纳，加入原08:00任务；不表示该接口全部场景覆盖"
"a84e8cda-9ef9-4678-8feb-ac6a73f1138d","ec5d4d3b-ca3d-403e-b793-c1c6a36fb7ef","3d79f4bf-ba7c-499d-90e8-dc8b061a4959","GET","/print3d/api/v1/message/categories","家用业务 · 已复验","com.kfb.model","home","yes","19618302-f8b0-41c1-b2db-1c92e493958b","已保存新版本、真实调试通过并重新采纳，加入原08:00任务；不表示该接口全部场景覆盖"
"32f7cccd-d11b-47eb-ad7f-d99695a388cc","b479a814-79fd-4105-9c21-3dc66d1e64cb","b1ac8934-470b-4b63-b7eb-672dd0be85fd","GET","/print3d/api/v1/message/list","家用业务 · 已复验","com.kfb.model","home","yes","6d854e50-a5a7-41d1-98d9-b4eb85c7eff9","已保存新版本、真实调试通过并重新采纳，加入原08:00任务；不表示该接口全部场景覆盖"
"b4367247-d2cb-4d89-b8bc-c1065f125a5e","9bb112f0-96cf-4c17-9c4a-a147c797cbf2","46032f54-80b1-488e-9253-59ce52f7c057","GET","/print3d/api/v1/message/queryMsgConfig","家用业务 · 已复验","com.kfb.model","home","yes","157024cc-0a93-4ca5-a72e-b152794c6bd2","已保存新版本、真实调试通过并重新采纳，加入原08:00任务；不表示该接口全部场景覆盖"
"74ccf50a-7ea3-460d-9fd9-d8321a732376","eadccfff-583a-4b75-a34c-21ec987cebd6","5a59462c-9e6a-4932-9419-d6a741a22764","GET","/print3d/api/v1/message/queryUnreadCount","家用业务 · 已复验","com.kfb.model","home","yes","8dfa716c-1408-410c-b8bd-3a77cdb2f4bd","已保存新版本、真实调试通过并重新采纳，加入原08:00任务；不表示该接口全部场景覆盖"
"5973908c-a7f3-49b9-8aad-e8d3740f97bb","46ee5ca7-20a9-4108-9b2d-128a9845e68a","8e1eddd1-7ed9-495f-aec7-75ea6e0d54f5","GET","/print3d/api/v1/userGraffitiModel/page","家用业务 · 已复验","com.kfb.model","home","yes","49bcf362-6ebc-471a-9b2f-a7120b07923e","已保存新版本、真实调试通过并重新采纳，加入原08:00任务；不表示该接口全部场景覆盖"
"2ee21710-2362-435a-851c-6f72068f1ce6","8fe5680d-3b32-4a51-9fe8-165833a1264e","913a4fef-8b72-47c7-a97b-c5a5bc0f04a6","GET","/print3d/api/v1/users/info","家用业务 · 已复验","com.kfb.model","home","yes","0510ee9a-a4b4-4734-a366-03662c317fba","已保存新版本、真实调试通过并重新采纳，加入原08:00任务；不表示该接口全部场景覆盖"
"fbf9b3ea-4a37-4292-bb16-85e6d3a4e835","b8459c28-b851-433f-b144-4f25cfafcc68","bc3f4453-64c4-4b6d-8881-221cb111a2ab","GET","/print3d/api/v1/userDevices/queryShard","家用业务 · 已复验","com.kfb.model","home","yes","f5f8ec29-3dc3-41a6-ac76-beb6f5ed0718","已保存新版本、真实调试通过并重新采纳，加入原08:00任务；不表示该接口全部场景覆盖"
"ac06d657-fdef-4847-9694-1930f719019e","9f41b3db-c69e-4de3-a192-d9989d0d6982","5ec38bdf-3b8b-4231-a72d-0ce3e245e3e6","GET","/print3d/api/v1/devices/filamentInfo","家用业务 · 已复验","com.kfb.model","home","yes","3a60c34a-f7cf-4200-be1c-52885ed5814f","已保存新版本、真实调试通过并重新采纳，加入原08:00任务；不表示该接口全部场景覆盖"
"bb1c8786-cebb-499d-8f77-d62d677adb8b","39511e08-b181-4a32-8211-9361bbb63678","00aa7f64-a516-4820-9257-8e88597b3417","GET","/print3d/api/v1/devices/gotoBuy","家用业务 · 已复验","com.kfb.model","home","yes","87d73223-08e5-407d-9d5a-6a2ced47ff24","已保存新版本、真实调试通过并重新采纳，加入原08:00任务；不表示该接口全部场景覆盖"
"b73aba2c-3c82-4adb-a538-e18acc850143","fa1e2af0-eb43-42d4-add6-b0dda0bb344a","0405baf6-2008-472b-af57-9b57d89a46a9","GET","/print3d/api/v1/devices/hpDevice","家用业务 · 已复验","com.kfb.model","home","yes","16292c5e-8d3e-4a14-b354-aaf500998604","已保存新版本、真实调试通过并重新采纳，加入原08:00任务；不表示该接口全部场景覆盖"
"dc28f62b-540d-4071-ab05-b65e8df3c22b","8da59dd1-1e42-4c95-b2b5-1fc00cf7ce1b","14bb732b-7339-4e36-ae4d-5f805faff407","GET","/print3d/api/v1/devices/list","家用业务 · 已复验","com.kfb.model","home","yes","3e8a7934-0c34-4493-a78e-820bfc070fa7","已保存新版本、真实调试通过并重新采纳，加入原08:00任务；不表示该接口全部场景覆盖"
"39dde151-48cc-41e3-976c-342be7271d25","4e029bb7-5c8f-4ac1-9de8-c2c4b22f8b2b","1caaba3d-b629-403d-a1bd-f4a69d25e890","GET","/print3d/api/v1/devices/status","家用业务 · 已复验","com.kfb.model","home","yes","4e3a4b07-d6d3-4bc2-b614-87f396746865","已保存新版本、真实调试通过并重新采纳，加入原08:00任务；不表示该接口全部场景覆盖"
"64cf02c9-6dff-44da-aac0-3190174d4329","ef142b6e-f26b-4efe-aec7-978bf19d4e37","02ab6659-193e-4a8a-a2a1-857e9e655a87","GET","/print3d/api/v1/calibration/imgInfo","家用业务 · 已复验","com.kfb.model","home","yes","7980f924-1c80-456e-8696-4188a9ce3969","已保存新版本、真实调试通过并重新采纳，加入原08:00任务；不表示该接口全部场景覆盖"
"593bf975-a6e2-48bb-844d-8ad1e864afc7","17094b8b-cbae-49ab-9bcb-3faf59d18dec","8839deeb-b629-4d45-a9c6-eccc6fa42afa","GET","/print3d/api/v1/course/introduce","家用业务 · 已复验","com.kfb.model","home","yes","c3237287-6efe-460f-9f51-d895a6560e45","已保存新版本、真实调试通过并重新采纳，加入原08:00任务；不表示该接口全部场景覆盖"
"6a24ff7f-5366-4fe2-9c2d-d9937e6c3caf","db9193bc-f2c8-4983-8dfc-e4b60c1867fa","1f15c450-e389-4f54-a2a3-74a21fbbd801","GET","/print3d/api/v1/course/pageList","家用业务 · 已复验","com.kfb.model","home","yes","483d33e9-7fb2-4a45-b758-7f7b83db6db4","已保存新版本、真实调试通过并重新采纳，加入原08:00任务；不表示该接口全部场景覆盖"
"1a5005d5-42b1-4daf-9702-bc3b800be75e","a843b879-eed6-4472-91f1-2dfadf62e49d","805ca3a0-7070-4ea6-acd5-b2e18f1a746d","GET","/print3d/api/v1/course/share","家用业务 · 已复验","com.kfb.model","home","yes","90dfae3f-1ff4-4322-83f1-64277023b2ea","已保存新版本、真实调试通过并重新采纳，加入原08:00任务；不表示该接口全部场景覆盖"
"449b29ea-1764-4741-b68b-22243c697a2b","5238522f-1b40-4089-b557-807d3f7c6d54","45da6e2a-8f8d-4365-9155-66493acca0f4","GET","/print3d/api/v1/course/top","家用业务 · 已复验","com.kfb.model","home","yes","657d2dcf-0529-4952-839a-77657ea17397","已保存新版本、真实调试通过并重新采纳，加入原08:00任务；不表示该接口全部场景覆盖"
"9ad3e974-2b9c-47a6-90a9-995ce5ca8763","9dcf0e6b-a090-4d47-bf06-6807ddee1c36","f6095bb2-271e-464a-ad5a-4c34948db7a6","GET","/print3d/api/v1/open/courseInfo","家用业务 · 已复验","com.kfb.model","home","yes","7c92a9ab-5755-4255-8a58-7dff550a183a","已保存新版本、真实调试通过并重新采纳，加入原08:00任务；不表示该接口全部场景覆盖"
"db689d45-1ecf-4b35-a0f8-d60a3f4de010","447d8301-3b73-434c-a230-45943e870361","503a2932-d575-4bf6-95da-69999465e53f","GET","/print3d/api/v1/open/courseList","家用业务 · 已复验","com.kfb.model","home","yes","87961fb3-9583-40b9-bf42-6ba4322a2df4","已保存新版本、真实调试通过并重新采纳，加入原08:00任务；不表示该接口全部场景覆盖"
"ac037f3a-a57a-41f9-8ca0-c9e14346bb90","de13942b-24d4-46a0-a5f0-7c5659e0cd84","7443b9a0-bb48-4b8a-9cec-c65d01856eae","GET","/print3d/api/v1/open/courseTop","家用业务 · 已复验","com.kfb.model","home","yes","669b6f93-dc17-4ece-a846-7b8d1ce5c535","已保存新版本、真实调试通过并重新采纳，加入原08:00任务；不表示该接口全部场景覆盖"
"16d1bb04-81a8-488c-81c8-59700bc40709","179b875c-32a9-42d4-9a1e-cc2fdfdb506a","134ff64f-2655-4099-a265-3fe616599045","GET","/print3d/api/v1/invitation/awardProgress","家用业务 · 已复验","com.kfb.model","home","yes","db27e744-a4fd-4e9d-86d8-5436410bfda6","已保存新版本、真实调试通过并重新采纳，加入原08:00任务；不表示该接口全部场景覆盖"
"7b9cdd23-2453-47c3-b9be-50ec27817759","fc29574d-d615-44d3-b8d5-ef9bf7f547af","630b4280-13cb-4426-b442-0ffa239202f0","GET","/print3d/api/v1/invitation/completedPrintCnt","家用业务 · 已复验","com.kfb.model","home","yes","a37e094f-6c99-4ff0-969a-4d0b6c434eb9","已保存新版本、真实调试通过并重新采纳，加入原08:00任务；不表示该接口全部场景覆盖"
"e02301e6-e080-46ed-bb64-b54d91b7d524","a539f964-aa3f-4b31-b57d-0f05b2f196bd","3542afcd-893d-4d56-bbed-31a249e47724","GET","/print3d/api/v1/invitation/invitedRecord","家用业务 · 已复验","com.kfb.model","home","yes","e77cdc42-7bf4-4c45-b711-79195b07a568","已保存新版本、真实调试通过并重新采纳，加入原08:00任务；不表示该接口全部场景覆盖"
"4ff47837-2044-4253-a05f-9d2ab7b25387","6a787a52-4bf2-4552-b3a6-ee6dc3099232","448bc3be-a0ba-409d-970b-79799f4fb5c8","GET","/print3d/api/v1/createModel/processModels","家用业务 · 已复验","com.kfb.model","home","yes","3c34d855-415e-4661-bd9b-6e78f7df53ed","已保存新版本、真实调试通过并重新采纳，加入原08:00任务；不表示该接口全部场景覆盖"
"9562b31d-791b-4185-8893-6d2b5e93f601","37917d97-2f2e-4557-9b04-7ecbbc3d1013","c0451899-e022-4c60-866b-77241e32bfad","GET","/print3d/api/v1/model/active","家用业务 · 已复验","com.kfb.model","home","yes","365c699a-e8e2-47da-8487-b36e1e94c8e2","已保存新版本、真实调试通过并重新采纳，加入原08:00任务；不表示该接口全部场景覆盖"
"a33d2361-2e79-4ee9-a7c4-e56b0b2f0b15","ccad5a8b-7b80-4e51-aa4e-586d0894cd97","07aebfbb-4fbc-4874-b4d0-f298bca6ee96","GET","/print3d/api/v1/model/getUpdateModelCount","家用业务 · 已复验","com.kfb.model","home","yes","b5300f26-5273-4262-ac93-8e2720916f2f","已保存新版本、真实调试通过并重新采纳，加入原08:00任务；不表示该接口全部场景覆盖"
"4f947ae6-43fe-4989-bbc1-1fdbb0e2473d","11372058-7e1e-490a-87a4-8a72e8d8cbd5","ed9d544c-225b-461c-a6bb-6a621d6989b7","GET","/print3d/api/v1/model/latest","家用业务 · 已复验","com.kfb.model","home","yes","48dbfa79-9a63-4084-9824-17b722e47a8d","已保存新版本、真实调试通过并重新采纳，加入原08:00任务；不表示该接口全部场景覆盖"
"5e26a0ee-d1ec-453f-89a3-0e4f66d5e7bb","f3ec18f5-10b5-4295-90a7-656870831a67","248297eb-7f9e-46f2-8960-f66cafb61a60","GET","/print3d/api/v1/course/info","家用业务 · 已复验","com.kfb.model","home","yes","2c2835a0-3f0e-415e-826c-059cbb21b992","已保存新版本、真实调试通过并重新采纳，加入原08:00任务；不表示该接口全部场景覆盖"
"37d44bf7-0eb2-4fca-814c-01eb7d7e5872","aa0c9d29-8d1a-4d29-8cb6-34557de3b48d","234effc1-5949-4a08-af04-92c2f42b4dad","GET","/print3d/api/v1/learningAdventure/battle/info","家用业务 · 已复验","com.kfb.model","home","yes","908b0a53-3b0e-4242-8631-e90ae36faba1","已保存新版本、真实调试通过并重新采纳，加入原08:00任务；不表示该接口全部场景覆盖"
"a41ce234-5d94-4e4e-a91f-39e60faf7b2e","298b4919-7cad-4b8e-98f4-b80daaee6957","e02a9e8c-65e8-412b-8dc6-73a3c332fbce","GET","/print3d/api/v1/learningAdventure/task/detail","家用业务 · 已复验","com.kfb.model","home","yes","3a140935-4501-4ce5-bc87-39e912240147","已保存新版本、真实调试通过并重新采纳，加入原08:00任务；不表示该接口全部场景覆盖"
"589bfcd0-6047-478d-96a0-57628b80640f","3edfc392-6ccd-490b-8d67-b7816a6dc255","7c8f4df9-bb90-45c2-9a48-f26f7aaa4509","GET","/print3d/api/v1/learningAdventure/map/home","家用业务 · 已复验","com.kfb.model","home","yes","aaca6b77-5900-4b16-ac85-0f6add0b72cb","已保存新版本、真实调试通过并重新采纳，加入原08:00任务；不表示该接口全部场景覆盖"
"8d7a56d3-5b11-4d75-a96a-e88d71ade0b8","dd2700fa-9ad8-4ac3-bb0d-53dea958729d","ec998277-64aa-4744-b95d-0ed9b2d5b4e6","GET","/print3d/api/v1/learningAdventure/map/world","家用业务 · 已复验","com.kfb.model","home","yes","fc1e3818-8084-4811-b968-014852c23af5","已保存新版本、真实调试通过并重新采纳，加入原08:00任务；不表示该接口全部场景覆盖"
"aacff0e4-f48b-4d0b-b061-9d98cb2fa566","c8bf9f0e-6e26-4fe3-94a0-18342c97831d","528c8587-0508-46af-8c25-48563d1e2845","GET","/print3d/api/v1/learningAdventure/reward/chapter","家用业务 · 已复验","com.kfb.model","home","yes","1f2c13e9-7ed6-4d49-85f8-f67041d508fb","已保存新版本、真实调试通过并重新采纳，加入原08:00任务；不表示该接口全部场景覆盖"
"17d46673-9e4e-44f5-9932-3652218cfd7a","2a018238-0341-4be5-bf5e-17d93d3315a6","32732d32-4964-445a-b2da-57aeaad3b2a0","GET","/print3d/api/v1/learningAdventure/reward/my","家用业务 · 已复验","com.kfb.model","home","yes","be19bb62-8405-416d-858a-8468b4980f95","已保存新版本、真实调试通过并重新采纳，加入原08:00任务；不表示该接口全部场景覆盖"
"e3532d71-fd09-47bc-80c5-9f4ba54636e9","1dfe72b9-bd9e-49f0-8f99-26ba5a05630a","9c5e4770-0360-4a95-bf0d-822c15412f3c","GET","/print3d/api/v1/learningAdventure/reward/my/backpack","家用业务 · 已复验","com.kfb.model","home","yes","2c31151a-37f9-4494-950e-668ed256948c","已保存新版本、真实调试通过并重新采纳，加入原08:00任务；不表示该接口全部场景覆盖"
"c246ca75-59b8-40f9-a862-12297fb0bf98","686644ec-4cc2-456a-b12f-b3f3856c5931","0cf88feb-0730-4583-b70e-67eaec2d61b4","GET","/print3d/api/v1/learningAdventure/user/progress","家用业务 · 已复验","com.kfb.model","home","yes","89657b50-4d94-4175-ba11-bf0acc15d11e","已保存新版本、真实调试通过并重新采纳，加入原08:00任务；不表示该接口全部场景覆盖"
"dbf4425e-79a4-44ca-9603-c57e9c1e0307","c79891ff-a654-4972-932a-136db6d71778","f93466e0-2629-44b2-b067-810bdcad030f","GET","/print3d/api/v1/learningAdventure/report/abilityTrend","家用业务 · 已复验","com.kfb.model","home","yes","9ffd6669-46b8-4e68-b18a-3a3c66c87526","已保存新版本、真实调试通过并重新采纳，加入原08:00任务；不表示该接口全部场景覆盖"
"1730eb6b-f44b-4dc4-b23d-d10d6d6d85aa","9b445837-d0a8-4ddf-a798-6cfede3e1e0c","1ae35aa8-0e6a-4599-a59c-02fc12ceb51d","GET","/print3d/api/v1/learningAdventure/report/historyWeeks","家用业务 · 已复验","com.kfb.model","home","yes","3644f05d-4406-4d6e-a98f-ac72f644dc9e","已保存新版本、真实调试通过并重新采纳，加入原08:00任务；不表示该接口全部场景覆盖"
"d7284af5-b76c-48d3-b688-bd1143a3ca5c","f1d12ad5-beb8-4e6b-8b4e-7d3ef1b3711c","496e3ad7-40e5-4c4a-a84d-335415dfe56a","GET","/print3d/api/v1/aiModeling/text/recommendPrompts","家用业务 · 已复验","com.kfb.model","home","yes","b4a78b31-7a44-4dab-98ed-cfd4c449548c","已保存新版本、真实调试通过并重新采纳，加入原08:00任务；不表示该接口全部场景覆盖"
"337e3e10-dd24-4e9b-bfd5-548869a94084","24b03b2a-652e-4561-a0df-4bfade45361b","601f88fa-cb94-41d4-910e-1ca102f9f741","GET","/print3d/api/v1/aiModeling/everyoneDoing","家用业务 · 已复验","com.kfb.model","home","yes","99dfb4b8-a90b-4df8-a5b2-54e28cd59eb9","已保存新版本、真实调试通过并重新采纳，加入原08:00任务；不表示该接口全部场景覆盖"
"0786cfed-524d-4e8b-af7e-d4f44357be6a","7db5ccee-8185-4748-9075-a8180976a13a","f13218b8-6e8a-450e-9d72-cf2ed4322de4","GET","/print3d/api/v1/aiModeling/myWorks","家用业务 · 已复验","com.kfb.model","home","yes","89330254-6922-4443-8523-8b756bd25fd1","已保存新版本、真实调试通过并重新采纳，加入原08:00任务；不表示该接口全部场景覆盖"
"dc16fa5d-4646-44e2-98b9-3aa025a4d6d8","bf11cf07-0602-4fa1-a85f-0fa99befa63d","a1cb4ee6-31b8-4baf-9d43-bce913b36067","GET","/print3d/api/v1/model/importModels","家用业务 · 已复验","com.kfb.model","home","yes","729edaa6-b537-4fc3-a2c0-ad83f735ac91","已保存新版本、真实调试通过并重新采纳，加入原08:00任务；不表示该接口全部场景覆盖"
"ade7b08f-a1c7-4740-a802-104c1ddea68a","0d79d239-3e73-41a5-9be1-a0a688ccbd24","c53b16ed-a3c5-46c0-8418-d15ead1288bd","GET","/print3d/api/v1/fonts/list","家用业务 · 已复验","com.kfb.model","home","yes","221008de-780c-4afb-9c15-79b516670a98","已保存新版本、真实调试通过并重新采纳，加入原08:00任务；不表示该接口全部场景覆盖"
"ac97267e-dd11-46f4-b2a9-1ed59f20ff10","39db4967-596a-4b86-8ff6-cf02480a3aa7","1a2d894d-bf53-47bd-a07f-895fb0184936","GET","/print3d/api/v1/model/hot","家用业务 · 已复验","com.kfb.model","home","yes","6fd9c6b0-0916-47ea-a8b9-0ac5e26208dd","已保存新版本、真实调试通过并重新采纳，加入原08:00任务；不表示该接口全部场景覆盖"
"ad98c951-2be2-4adb-87a6-43b786adac88","f3b0f2ad-1600-4eed-99ef-8adfe61c6c31","079ce24c-3955-48ef-b529-df856b9e56c5","GET","/print3d/api/v1/openscadTemplate/query","家用业务 · 已复验","com.kfb.model","home","yes","8b1f713d-20c6-4011-8013-74911cac6248","已保存新版本、真实调试通过并重新采纳，加入原08:00任务；不表示该接口全部场景覆盖"
"ac691964-dc7f-439d-aad5-ca620eae919c","695666d4-833b-40bf-aebd-9cea91da1e04","a1ef699d-7b17-4a24-b818-36c532ebf227","GET","/print3d/api/v1/createModel/page","家用业务 · 已复验","com.kfb.model","home","yes","3c4b6f71-5b28-44c2-bfda-22ca785071d3","已保存新版本、真实调试通过并重新采纳，加入原08:00任务；不表示该接口全部场景覆盖"
"a27537cc-8e0c-49f5-b275-491bbc63d57c","d17c90f7-067b-4eb0-9dfe-1cc04c213f57","d9b83060-6566-4442-ac63-106e77036888","GET","/print3d/api/v1/openscadTemplate/seals","家用业务 · 已复验","com.kfb.model","home","yes","ad89cf69-f4c6-4c8d-b2bf-c2e85125fa54","已保存新版本、真实调试通过并重新采纳，加入原08:00任务；不表示该接口全部场景覆盖"
"bb60175c-94c3-4d0e-a094-1fcf4a1a0c92","37f00734-e863-4268-babc-029e293b4558","40bebd23-2fe5-454b-a02d-dae80f71c061","GET","/print3d/api/v1/feedback/user-list","家用业务 · 已复验","com.kfb.model","home","yes","8a244b71-bcd8-4039-b37e-1fcb4221039d","已保存新版本、真实调试通过并重新采纳，加入原08:00任务；不表示该接口全部场景覆盖"
"59ebe565-751a-40c8-a4df-8badee17b8e9","07df838b-d8d9-4de2-8225-0014dd33536d","73816fa0-4f56-4797-9fa0-35c1d5ff213f","GET","/print3d/api/v1/feedback/user-unread-count","家用业务 · 已复验","com.kfb.model","home","yes","511b28ff-cd1c-432d-9e09-bc2f86f39712","已保存新版本、真实调试通过并重新采纳，加入原08:00任务；不表示该接口全部场景覆盖"
"ab3ec6b9-428b-4017-aa29-cb0f51af075c","4ae6fd28-da6d-4912-9107-e3827bd9022a","68dd4bbb-f864-4f6e-80e1-c5a1d973fcf4","POST","/print3d/api/v1/modelDownloads/page","家用业务 · 已复验","com.kfb.model","home","yes","7a80e4e7-612d-4096-b02d-7f58883e5879","已保存新版本、真实调试通过并重新采纳，加入原08:00任务；不表示该接口全部场景覆盖"
"59c8a75c-8f25-4429-9ef9-163f7b1500dc","4facf7dd-4f16-4320-92e1-52aa2747f77c","b1479c6d-aab4-432f-855d-e975d9903ad1","POST","/print3d/api/v1/collection/page","家用业务 · 已复验","com.kfb.model","home","yes","a0a5f710-fb6b-4562-8d72-260a51d06665","已保存新版本、真实调试通过并重新采纳，加入原08:00任务；不表示该接口全部场景覆盖"
"23514935-d78c-4775-b358-af65c052d6df","1bbb4ace-49ce-4bca-a5c8-de8b85191033","0bfac0d2-e980-4a47-bf33-106e3429d408","GET","/print3d/api/v1/region/areas","家用业务 · 已复验","com.kfb.model","home","yes","9e966580-fef2-4697-8003-c0d4b34597d7","已保存新版本、真实调试通过并重新采纳，加入原08:00任务；不表示该接口全部场景覆盖"
"3c7bf290-e6fb-44c7-8e15-5e630e32bfe0","b0883c74-4853-48c0-8c33-d6344f8fdc23","a81e01b2-5c1a-4be8-8a5b-bedc0b3e88c0","GET","/print3d/api/v1/region/cities","家用业务 · 已复验","com.kfb.model","home","yes","d572b0e4-a3f4-4f3d-87dd-d47282971781","已保存新版本、真实调试通过并重新采纳，加入原08:00任务；不表示该接口全部场景覆盖"
"88e99109-a8cc-4f29-bc93-7bb409f07132","53d9e171-dc74-4098-9009-68e506cbf34f","b797a74e-7e7f-4501-ba8e-88ade16f8caa","GET","/print3d/api/v1/region/proCities","家用业务 · 已复验","com.kfb.model","home","yes","a403fe45-7bcb-4513-b8fc-6632f0972b06","已保存新版本、真实调试通过并重新采纳，加入原08:00任务；不表示该接口全部场景覆盖"
"00246e71-3b3b-40ed-a29b-63a83bd81452","0b737dae-b61a-4695-ae72-c07cd9c3e87c","2b30b2e1-e89c-46ed-9a03-4ecff155057f","GET","/print3d/api/v1/region/provinces","家用业务 · 已复验","com.kfb.model","home","yes","f01d47f1-7964-45f0-93a9-8ad5902d28ed","已保存新版本、真实调试通过并重新采纳，加入原08:00任务；不表示该接口全部场景覆盖"
"210038e2-aa7c-49a1-af39-266efee493d1","d44271dd-731d-4856-b27a-d99a1964e867","20b03295-c894-4353-a57e-43293b2a64c5","GET","/print3d/api/v1/modelMaterials/graphicPage","家用业务 · 已复验","com.kfb.model","home","yes","7c0c0c20-6998-4d44-9463-c35c50ab1f05","已保存新版本、真实调试通过并重新采纳，加入原08:00任务；不表示该接口全部场景覆盖"
"73ab613d-86f7-4d47-a46a-62e4d745da2f","7a28251c-c705-4457-b15d-ab238d5188de","79d91711-50a9-46fb-ad1e-24dfbf531921","GET","/print3d/api/v1/modelMaterials/info","家用业务 · 已复验","com.kfb.model","home","yes","58ed348f-26bc-42fa-9033-dea641d8520b","已保存新版本、真实调试通过并重新采纳，加入原08:00任务；不表示该接口全部场景覆盖"
"1fa234b1-ea07-46e7-a17a-49bfea4beaa1","d557c376-30d6-4384-a051-e72a996a297d","e0b9020d-50df-4703-a46f-9ba0c256cd8b","GET","/print3d/api/v1/modelMaterials/pixelPage","家用业务 · 已复验","com.kfb.model","home","yes","65a603e6-3155-4d2e-8767-da350ede5d6a","已保存新版本、真实调试通过并重新采纳，加入原08:00任务；不表示该接口全部场景覆盖"
"9c2a791a-851a-4d60-bda4-3eaaf987888b","04e050d4-52a1-48a0-a408-646bfb944ec2","cdbc5411-7ef7-44d3-b537-cf990b03a48c","GET","/print3d/api/v1/modelMaterials/tracingPage","家用业务 · 已复验","com.kfb.model","home","yes","8dd6bfc0-4b47-4d4b-91dc-fbad145fadcc","已保存新版本、真实调试通过并重新采纳，加入原08:00任务；不表示该接口全部场景覆盖"
"704ab279-4772-41d4-9953-79cee42f84e8","69503e73-9d40-4a88-8a98-b1886c957523","fcf2e8cf-e074-4ace-8993-e51f3b4e5bdc","GET","/print3d/api/v1/point/exchange/product/page","家用业务 · 已复验","com.kfb.model","home","yes","ba2b1bce-56a4-427c-b735-eb3261f22de0","已保存新版本、真实调试通过并重新采纳，加入原08:00任务；不表示该接口全部场景覆盖"
"3bd37866-5c2d-418b-a635-b0baceb3f90b","35b3d770-2953-451a-b29d-da15fe392668","5ff28da2-1bec-4426-9849-8e1337198741","GET","/print3d/api/v1/point/flow/page","家用业务 · 已复验","com.kfb.model","home","yes","bef534c2-0a1e-4bb5-b977-8f3c8065f16d","已保存新版本、真实调试通过并重新采纳，加入原08:00任务；不表示该接口全部场景覆盖"
"d1023127-ba65-481a-8411-814599e339b3","2c465348-8bfb-4c70-a0cb-7542aacf2122","0ff3c9e7-f063-4943-8814-47ca209d723f","GET","/print3d/api/v1/point/total","家用业务 · 已复验","com.kfb.model","home","yes","0cf4fbb7-d69d-4a38-8009-132a0762e2a1","已保存新版本、真实调试通过并重新采纳，加入原08:00任务；不表示该接口全部场景覆盖"
"9fb9438e-0919-44ba-b149-410e7fc395fb","837b3003-fbe4-4452-8b45-1ebaef72f6f1","2ad08246-37cd-45c1-964c-d8bcae39fbf7","GET","/print3d/api/v1/devices/ftByBarcode","家用业务 · 已复验","com.kfb.model","home","yes","a2567573-190e-4dec-adeb-f173d23f04f6","已保存新版本、真实调试通过并重新采纳，加入原08:00任务；不表示该接口全部场景覆盖"
"bf3050ca-eaab-419d-8f67-e27498cdf607","df587bd1-1762-4a6d-9a20-5edba161be90","f69a1154-6063-48c4-bca4-cabd88b3903a","GET","/print3d/api/v1/devices/ftList","家用业务 · 已复验","com.kfb.model","home","yes","f7675c92-c1ea-49ad-8924-2daba5505a1d","已保存新版本、真实调试通过并重新采纳，加入原08:00任务；不表示该接口全部场景覆盖"
"0e95cab3-2ee5-4c8a-b587-081dfebe834f","fae3efef-e7b8-4097-94b4-c8e5916d5ff4","4a12a53a-d564-418d-9b00-d6bba4a1d354","GET","/print3d/api/v1/devices/ftTree","家用业务 · 已复验","com.kfb.model","home","yes","a0d47070-6311-44c5-bbd6-adca7446d170","已保存新版本、真实调试通过并重新采纳，加入原08:00任务；不表示该接口全部场景覆盖"
"6b784bd0-b92a-4d07-a55e-686a17ad41b0","39cb7d45-4cb9-4eac-b185-34ecc9955c7d","237b10b7-7df4-48eb-901c-d5aadf34299b","GET","/print3d/api/v1/survey/entry/current","家用业务 · 已复验","com.kfb.model","home","yes","46accc0b-0865-47e9-b297-d41be8f72d66","已保存新版本、真实调试通过并重新采纳，加入原08:00任务；不表示该接口全部场景覆盖"
"3f56d389-aaea-41ce-b232-5bbcc8b9983d","f736a2a1-e5f2-4953-bafc-a6f066cb1245","13e41f7c-413e-4fa7-9849-ab1a872c50a6","GET","/print3d/api/v1/model/feed","家用业务 · 已复验","com.kfb.model","home","yes","ee6252ca-afcd-4251-8d45-b187289a5ba8","已保存新版本、真实调试通过并重新采纳，加入原08:00任务；不表示该接口全部场景覆盖"
"d496fc8a-a4be-4799-88bc-292892390aed","c3d393fb-0362-470e-881a-85d546f6bb29","f791f72a-1b05-4636-955b-b8dc43f9aee3","GET","/print3d/api/v1/model/related","家用业务 · 已复验","com.kfb.model","home","yes","c07eb3e0-d23f-496a-91a5-050fca4a5d71","已保存新版本、真实调试通过并重新采纳，加入原08:00任务；不表示该接口全部场景覆盖"
"bd7ea3fe-958a-48b2-96bf-ef3eb53bdbda","66fbadaa-3770-416d-b758-23c954d61192","c69f7350-5005-495d-ae17-1f880b277bdc","GET","/print3d/api/v1/appRating/shouldShow","家用业务 · 已复验","com.kfb.model","home","yes","5e92726f-3d71-4c23-bed4-a958ca046cc6","已保存新版本、真实调试通过并重新采纳，加入原08:00任务；不表示该接口全部场景覆盖"
"9ec03601-e3e6-477b-a2b7-938bea9790e7","90ac983f-e171-46e2-9772-6a9a1cf1b8b3","e850fa92-01b1-48f7-b6e0-24e225608628","POST","/print3d/api/v1/tencent/sts/federationToken","家用业务 · 待整改","","","no","","待审查写操作/查询语义与专用临时资源，补前置、领域断言、清理验证后再执行"
"189b0bd9-23d8-47fb-a84f-f23789b322bd","0835470a-c070-47de-b42d-8e2da05017bc","6f82dcf4-5d92-418b-9707-47674d7a3788","GET","/print3d/api/v1/voxelModel/check","家用业务 · 待整改","","","no","","topSuccess返回有效SN，但详情/check为code0/data=null，待查契约或数据一致性"
"cb42887f-7588-4643-9aea-0eaf908c17d7","c37035c6-0554-471d-8c8a-b1690cb9a0be","2e10b231-a941-402c-bc2f-65546dcb4b84","GET","/print3d/api/v1/voxelModel/componentPage","家用业务 · 待整改","","","no","","待按接口语义复核副作用，补动态前置和领域断言；未完成本轮复验"
"a4880cba-dcd4-4351-9ed3-a96fb9814502","561d298d-7ef5-42da-8972-acb2986f8ce0","63af22e8-dae3-467a-9f6a-ad41713e31d1","POST","/print3d/api/v1/voxelModel/create","家用业务 · 待整改","","","no","","待审查写操作/查询语义与专用临时资源，补前置、领域断言、清理验证后再执行"
"5b3f42b2-e1fb-4a72-8a54-312cac53e036","167d0305-b6f0-4947-bc80-f97a09b78c01","a6d5c825-dee4-473c-afc8-d2dcbea9cbda","POST","/print3d/api/v1/voxelModel/drop","家用业务 · 待整改","","","no","","待审查写操作/查询语义与专用临时资源，补前置、领域断言、清理验证后再执行"
"7746837e-f1c9-498b-8d0d-b12db318009a","dea7822a-2381-472c-b195-ddd3f0fb7918","261b3628-489e-4c42-93af-e9d817630ff9","GET","/print3d/api/v1/voxelModel/query","家用业务 · 待整改","","","no","","topSuccess返回有效SN，但详情/check为code0/data=null，待查契约或数据一致性"
"c3ac9ef6-b1e9-4505-9b92-d841235ffc3a","2d2ef3b1-e196-4529-b3dd-fa3e2e52828c","59e33ebb-8098-4793-85c1-e151233d0622","GET","/print3d/api/v1/questionCategory/children","家用业务 · 待整改","","","no","","待按接口语义复核副作用，补动态前置和领域断言；未完成本轮复验"
"9d5b18d9-bc5f-4bb3-a438-f46926610e93","07547181-26d0-42fd-b93f-11e36d005b5f","af0b6a5e-15af-4dc2-99c7-2bd265f7055b","POST","/print3d/api/v1/printJob/page","家用业务 · 待整改","","","no","","待审查写操作/查询语义与专用临时资源，补前置、领域断言、清理验证后再执行"
"2f3b5327-44eb-4439-961c-4a40e91aabf3","48d41dc2-2fea-4440-8801-62e7601bb8d1","ba1402a9-e14c-4a57-a4a4-e60ddf7dc32b","GET","/print3d/api/v1/printJob/checkRePrintReSlice","家用业务 · 待整改","","","no","","已只读调试；需结合切片文件/温度前置验证needReslice布尔语义，不只验HTTP/code"
"c0427b09-3d1c-4c62-8a89-61f96f720f62","2fa5d8a8-d6df-4b76-9c45-6192cee127e8","386de660-58e9-4064-9059-408ef8301d7b","GET","/print3d/api/v1/printJob/checkReslice","家用业务 · 待整改","","","no","","已只读调试；需结合切片文件/温度前置验证needReslice布尔语义，不只验HTTP/code"
"e4fe575f-0c3c-4acc-a996-c75be7560619","3e1b3bb6-bb87-44f5-b4b9-f9a88db165a5","e5615399-fda4-4ab1-8fe3-8109b8911ef8","GET","/print3d/api/v1/printJob/currentSliceJob","家用业务 · 待整改","","","no","","需区分无任务/未结业场景与有任务/已结业场景，空值不能证明正向主链"
"6991b8d2-1b96-4dc9-9843-efd80d809de1","64e40e65-0a01-425c-987e-3997194db2eb","d933b72b-5d3e-41f6-b29f-edadd86ecb92","POST","/print3d/api/v1/printJob/query","家用业务 · 待整改","","","no","","待审查写操作/查询语义与专用临时资源，补前置、领域断言、清理验证后再执行"
"fa1de9eb-8fdf-48a1-8d68-ac405967dd06","e63982ba-95fe-4e5c-b82e-0387d4bf7d87","c82449c4-6476-457d-a06d-1a1ce5b67f20","POST","/print3d/api/v1/printJob/satisfied","家用业务 · 待整改","","","no","","待审查写操作/查询语义与专用临时资源，补前置、领域断言、清理验证后再执行"
"61c42328-3c0f-4014-aee2-559dfc1ee856","e21a5ebf-1989-4284-ad5e-4ce1f9ebb3fd","e3f774a3-f1e8-40b3-93c6-1638f6892a4d","GET","/print3d/api/v1/printTaskQueue/current","家用业务 · 待整改","","","no","","需区分无任务/未结业场景与有任务/已结业场景，空值不能证明正向主链"
"f6d8df4e-5b2b-4483-9cdb-47c7e1df1a05","f4652a1d-e878-433a-bee6-7cc6b31c340d","b91a43b9-3699-4143-a87e-d997945f36fb","POST","/print3d/api/v1/printTaskQueue/dismiss","家用业务 · 待整改","","","no","","待审查写操作/查询语义与专用临时资源，补前置、领域断言、清理验证后再执行"
"92afb9ba-60d7-4d9b-b4ee-18ad514c16ce","223f64f0-9776-40e2-a7f4-ad42879450b7","5c22b8e6-6f24-4e6b-ab5f-d5d04a9c062f","GET","/print3d/api/v1/searchHistory/delete","家用业务 · 待整改","","","no","","待按接口语义复核副作用，补动态前置和领域断言；未完成本轮复验"
"c75287e7-0b6c-4fd2-b174-9b88395677f2","ad676704-c205-4b11-b9bd-689a95eaff9d","fabbaaea-89b4-4e0f-9638-aa70875cc1cf","GET","/print3d/api/v1/searchHistory/deleteById","家用业务 · 待整改","","","no","","待按接口语义复核副作用，补动态前置和领域断言；未完成本轮复验"
"1139c7b0-8511-4bca-8ab5-7427afafa63e","408e8824-da19-4f0e-968f-1a511c63169e","1f3aa22c-a016-401b-97df-23225bfbcefb","GET","/print3d/api/v1/guidance/finishMark","家用业务 · 待整改","","","no","","待按接口语义复核副作用，补动态前置和领域断言；未完成本轮复验"
"70871ec7-5c5b-4691-a64a-4930fb0b92f0","1c426ba9-51bc-45d4-be86-e5b059ffd2e5","f862e9bf-8dee-44ba-901b-e80245a5447a","POST","/print3d/api/v1/guidance/mark","家用业务 · 待整改","","","no","","待审查写操作/查询语义与专用临时资源，补前置、领域断言、清理验证后再执行"
"2d6b642a-560b-4070-8679-f64cdc26b294","a2bbcfd1-1c01-4b6e-8fbf-e50b4d08a6f7","1cb23232-fc94-448c-bf4c-a17ce86b65fb","POST","/print3d/api/v1/knobSetting/edit","家用业务 · 待整改","","","no","","待审查写操作/查询语义与专用临时资源，补前置、领域断言、清理验证后再执行"
"6beb9916-ff55-4381-adea-b76c6e3229c9","f46090c5-7696-4cc2-a8e5-63de74d4196e","a69e6919-e46b-4bdd-b1b0-896dfe3ca45d","POST","/print3d/api/v1/knobSetting/reset","家用业务 · 待整改","","","no","","待审查写操作/查询语义与专用临时资源，补前置、领域断言、清理验证后再执行"
"21c74f04-a53c-42fa-8254-292a6d7e66fc","8ea4af15-a610-4066-923c-4550e3097644","588a6d29-69a0-4ac5-b0b8-67f729b5004a","GET","/print3d/api/v1/model/blindBox","家用业务 · 待整改","","","no","","待按接口语义复核副作用，补动态前置和领域断言；未完成本轮复验"
"c0265f63-596f-4406-9fb2-f97fdf282c31","3c12f76e-6559-45ce-b6c5-5a2ef7d218e6","57209a4f-0433-4dac-8e83-d63aeb150680","POST","/print3d/api/v1/modelExpectations/add","家用业务 · 待整改","","","no","","待审查写操作/查询语义与专用临时资源，补前置、领域断言、清理验证后再执行"
"cd743c6d-08aa-408b-9596-45169416b070","e5c3b72c-f4aa-4f58-93b4-ecd7d6f97da4","f59e2564-766d-45c8-96aa-4e81eca3cb6b","GET","/print3d/api/v1/model/modelDirection","家用业务 · 待整改","","","no","","有效模型动态关联后仍报60102001（已删除或下架），保留失败未采纳"
"402220ea-594f-4065-a254-ab39f6d67171","45b6d193-b970-45ac-83c1-8472d59a2e87","1413cc29-b209-476a-ac9f-c99cc2bc37d9","POST","/print3d/api/v1/model/scad2stl","家用业务 · 待整改","","","no","","待审查写操作/查询语义与专用临时资源，补前置、领域断言、清理验证后再执行"
"cecb8e0e-9c3e-4c5f-9c50-7d3e8766f79c","bf7a97a7-44a5-42b0-9c59-3aad0fb5de44","8e6fb07b-a159-4485-899e-5b090b67d5b7","GET","/print3d/api/v1/model/simplePage","家用业务 · 待整改","","","no","","待按接口语义复核副作用，补动态前置和领域断言；未完成本轮复验"
"205e4535-b382-443e-9093-a95201799df6","ae704968-4849-4797-aafa-72f6c0d568de","ce83998c-72ee-48aa-8a18-6197f9492bc2","POST","/print3d/api/v1/modelUserLog/action","家用业务 · 待整改","","","no","","待审查写操作/查询语义与专用临时资源，补前置、领域断言、清理验证后再执行"
"5e6cd75a-a18e-4b3e-b841-9657276990d0","fa19e22c-6b7c-4406-b372-c765e983a981","a8633bb1-8bbb-4299-9f92-3510cd18c073","GET","/print3d/api/v1/share/modelInfo","家用业务 · 待整改","","","no","","待按接口语义复核副作用，补动态前置和领域断言；未完成本轮复验"
"3b2e0ad5-1556-4b4f-ab6e-962c86e67893","ee2eb216-167b-4e43-9475-e15e38168566","7155b234-99dd-4f80-a9d9-1ee1efffc6d2","POST","/print3d/api/v1/modelSeries/addCollection","家用业务 · 待整改","","","no","","待审查写操作/查询语义与专用临时资源，补前置、领域断言、清理验证后再执行"
"c3d34983-01f9-403e-b5a9-fd868ced3e2b","e4e840a5-8a0e-4db7-b8e4-0dae3eb39ac2","32feffd3-5f98-486b-87f5-ff44d6c69fdd","POST","/print3d/api/v1/modelSeries/cancelCollection","家用业务 · 待整改","","","no","","待审查写操作/查询语义与专用临时资源，补前置、领域断言、清理验证后再执行"
"1bea4e9f-3bcd-4d22-a3df-a583d5f5b650","f99b2f39-5928-416f-9e08-d1b214c90a2b","061fc2f7-28d5-4dd7-958b-4f8f4be30f8b","POST","/print3d/api/v1/modelSeries/createShard","家用业务 · 待整改","","","no","","待审查写操作/查询语义与专用临时资源，补前置、领域断言、清理验证后再执行"
"05933a11-6153-43e8-8a72-59addb2d633c","23365b4c-d3a7-49ac-a509-117c74dc1e80","8a7f827a-8ef0-49a3-ae09-ac7e0a2d266b","GET","/print3d/api/v1/message/detail","家用业务 · 待整改","","","no","","待按接口语义复核副作用，补动态前置和领域断言；未完成本轮复验"
"b5777ccd-a4ff-4561-b73f-b8eccb053fcc","0349d6c2-650b-44dd-8750-4c5e68281daf","39aa3dd7-3f9d-4507-9931-6006767df9be","POST","/print3d/api/v1/message/markAsRead","家用业务 · 待整改","","","no","","待审查写操作/查询语义与专用临时资源，补前置、领域断言、清理验证后再执行"
"8449f1b5-29c3-4c8d-b4d1-0d8c6d487e16","a678308e-effb-4a3d-bf57-54c88694d14c","e143508e-f524-4aad-ba47-54ed84e80e22","POST","/print3d/api/v1/message/read-all","家用业务 · 待整改","","","no","","涉及数据清空/账号设备状态或外发；未触发，先确认专用资源与恢复边界"
"f57a947d-f430-412a-bcff-e0cff01010ea","ba55592a-ef75-4348-957a-31a1f1696c27","f1b72630-f35c-4e8f-9fa9-f031cb5112d9","POST","/print3d/api/v1/message/saveMsgConfig","家用业务 · 待整改","","","no","","待审查写操作/查询语义与专用临时资源，补前置、领域断言、清理验证后再执行"
"999979f0-d56f-46b5-bd4b-69fc92d63950","c983de2e-d1f4-4bb7-8896-0a9f9e231a01","ef590e22-eaee-4495-b897-8905397e5d44","POST","/print3d/api/v1/message/sendPassiveMsg","家用业务 · 待整改","","","no","","涉及数据清空/账号设备状态或外发；未触发，先确认专用资源与恢复边界"
"6eac9a51-9249-4c35-9a01-f95e732fbe10","0e66c52b-f5a0-468c-a080-166ed756e6aa","e037d189-e27f-4817-8f1a-90be1c13236a","POST","/print3d/api/v1/userGraffitiModel/add","家用业务 · 待整改","","","no","","待审查写操作/查询语义与专用临时资源，补前置、领域断言、清理验证后再执行"
"0d78a437-5e6e-46c3-b9cf-63ebb1063881","753dcf72-2720-4eb8-a9bd-bad733247328","ed7f04e2-71b5-41ec-b67b-0484b31ae56d","GET","/print3d/api/v1/userGraffitiModel/beautify/query","家用业务 · 待整改","","","no","","待按接口语义复核副作用，补动态前置和领域断言；未完成本轮复验"
"1df46581-5f2c-41cb-9950-a3aea1928140","1ec6a943-5f97-454a-867e-8ac40590b7d0","7a3d2d3d-f2da-44a1-8324-c025fd4e05ac","POST","/print3d/api/v1/userGraffitiModel/beautify/submit","家用业务 · 待整改","","","no","","待审查写操作/查询语义与专用临时资源，补前置、领域断言、清理验证后再执行"
"c4c664c1-a2b6-4ce0-8ece-dad755bebda8","9ccedbbe-c0dd-4f8a-871d-98a24f75f2a6","ea20765d-e31d-418c-bec0-45deb9fd25e3","POST","/print3d/api/v1/userGraffitiModel/delete","家用业务 · 待整改","","","no","","待审查写操作/查询语义与专用临时资源，补前置、领域断言、清理验证后再执行"
"873f63ab-1d7f-4773-91db-1225f66b5e5c","a0315a29-7f25-4580-a77f-68d94e709e17","e28b1c75-31a4-435d-832d-ccacdd8078ba","POST","/print3d/api/v1/userGraffitiModel/deleteBatch","家用业务 · 待整改","","","no","","待审查写操作/查询语义与专用临时资源，补前置、领域断言、清理验证后再执行"
"76e69844-8e91-489b-8189-1aa82f71c9e7","06a8901f-99ff-4f82-bd28-29b45b2b1019","15fbb0cf-b1df-495e-9e12-ba0e162deed8","GET","/print3d/api/v1/userGraffitiModel/detail","家用业务 · 待整改","","","no","","历史涂鸦记录graffitiContent=null，需合法临时作品前置，未放宽断言"
"11ccd16e-e6c1-4366-bfa9-bc998c377ff6","059ee2cd-e918-4909-89fa-d4e0ddfd3849","b1470d4b-d004-4b24-ac41-eecb8da07220","POST","/print3d/api/v1/userGraffitiModel/edit","家用业务 · 待整改","","","no","","待审查写操作/查询语义与专用临时资源，补前置、领域断言、清理验证后再执行"
"bd9670e9-9e13-4627-bbb8-7dc20c180983","6224a194-9d2f-4555-891d-87db0f975089","30c20ae6-e334-422c-bce6-902a279c85fa","POST","/print3d/api/v1/auth/checkAppAuth","家用业务 · 待整改","","","no","","待审查写操作/查询语义与专用临时资源，补前置、领域断言、清理验证后再执行"
"52a22abc-f919-4337-b7a9-1554fc53caad","d4857fde-752c-4fb7-bf82-a40abc2b561c","a29d6cc1-7750-49a5-801a-4f446012d53d","POST","/print3d/api/v1/auth/checkCode","家用业务 · 待整改","","","no","","待审查写操作/查询语义与专用临时资源，补前置、领域断言、清理验证后再执行"
"7d700a22-d1f9-457c-a9c8-6c4338b4da96","f1a79ac7-8fdc-4a12-b9c3-21c3966313b2","cb929aec-08a4-4f42-92b8-d09e521f83b0","POST","/print3d/api/v1/auth/decrypt","家用业务 · 待整改","","","no","","待审查写操作/查询语义与专用临时资源，补前置、领域断言、清理验证后再执行"
"dfd7dd8a-3a5f-46d6-82d0-afd9a16a0031","4e8a2fb4-f7ae-4cf6-bab7-7a5152bb1353","70e02420-cbda-458d-bb23-368a3a74d81b","GET","/print3d/api/v1/auth/generateCaptcha","家用业务 · 待整改","","","no","","待按接口语义复核副作用，补动态前置和领域断言；未完成本轮复验"
"919353dd-987a-480a-a11a-9c77e82654a2","2c53db50-b530-44d9-b1f1-3b26bc4061cb","b3322142-0da1-41dd-9304-ad7ea224133c","GET","/print3d/api/v1/auth/publicKey","家用业务 · 待整改","","","no","","待按接口语义复核副作用，补动态前置和领域断言；未完成本轮复验"
"69f606c7-38fc-48b6-88fb-b39001c14c7c","f8a69536-fd44-48f6-8c5b-1911ae8063c5","c792b1ee-835e-4199-bd91-c1b9011235a6","GET","/print3d/api/v1/auth/sendSms","家用业务 · 待整改","","","no","","涉及数据清空/账号设备状态或外发；未触发，先确认专用资源与恢复边界"
"e1779edd-f6ef-4e82-bf7d-2a0ff28f8fa6","65bd0c06-da68-447b-906a-bcae2a553e6f","b7770e08-2e5e-4fab-b7c9-cb3cbcb3589f","POST","/print3d/api/v1/auth/verifyCaptcha","家用业务 · 待整改","","","no","","待审查写操作/查询语义与专用临时资源，补前置、领域断言、清理验证后再执行"
"4e7d8828-0396-448a-a507-f4cbe7def13e","f14f2a9a-61ba-4668-a086-7ef1fc268d3c","eee04523-2400-451d-a0da-b8802795d9f7","GET","/print3d/api/v1/users/getNewToken","家用业务 · 待整改","","","no","","待按接口语义复核副作用，补动态前置和领域断言；未完成本轮复验"
"cb0fe948-4fb5-4ea4-a51c-8dce48e681a3","8bfe4be8-66dd-4537-9001-91ee438d9d3d","84fb7471-0bab-44bd-98c3-8734acddbf35","GET","/print3d/api/v1/open/deviceShard","家用业务 · 待整改","","","no","","待按接口语义复核副作用，补动态前置和领域断言；未完成本轮复验"
"974fc7b8-1dfc-4dfc-bd23-2eb3fa6de4a8","79777024-7899-4fe6-afd6-f38f34cb98e0","c462e214-110e-4e02-a883-f5c0f3e243c4","POST","/print3d/api/v1/userDevices/createShard","家用业务 · 待整改","","","no","","待审查写操作/查询语义与专用临时资源，补前置、领域断言、清理验证后再执行"
"94fa06b9-ab1c-47db-b895-3f09e7119ae6","444740d0-41ed-4cd9-a68a-c83142bb2e6b","fc519d01-4140-4c97-b47b-b3232b6b7be8","POST","/print3d/api/v1/userDevices/delShard","家用业务 · 待整改","","","no","","待审查写操作/查询语义与专用临时资源，补前置、领域断言、清理验证后再执行"
"7bf3dd3a-93d5-4981-947e-5af8b3afcf05","9d4008d0-8040-4728-a931-30c81e871a95","97693dc7-671f-4bc4-9165-e289c5eaabc6","GET","/print3d/api/v1/devices/advancedSliceParamConfig","家用业务 · 待整改","","","no","","GET可能创建/推进模型任务，须专用任务和清理证明后再运行"
"3bd160fb-221f-4174-a26d-3ea081ba8dc4","fc92a5ff-8511-4f7c-8686-4d7e805adeca","31f69161-50d7-4465-ae10-52575b00648a","POST","/print3d/api/v1/devices/changeSelected","家用业务 · 待整改","","","no","","待审查写操作/查询语义与专用临时资源，补前置、领域断言、清理验证后再执行"
"5d57f727-b51b-4c69-a408-a6c775d20147","f7e1f18f-91c6-4ac1-8c80-9f9668f18742","01a83818-ca9d-4603-8213-74dfb49012f3","GET","/print3d/api/v1/devices/clickMaterialDeplete","家用业务 · 待整改","","","no","","待按接口语义复核副作用，补动态前置和领域断言；未完成本轮复验"
"9251e5e6-ba66-48f8-b40b-ec2e21d5817b","405feb41-859d-4541-9405-e829c413ae86","4d57f52c-568d-4dd6-bdf3-696ffa2eef3a","POST","/print3d/api/v1/devices/comReset","家用业务 · 待整改","","","no","","待审查写操作/查询语义与专用临时资源，补前置、领域断言、清理验证后再执行"
"86f50504-b96c-48e9-9024-877fc0595632","29aa9fcc-0039-4f91-842e-64955992983c","ddcf4f4d-b32c-4b60-b794-c9707c2104b0","POST","/print3d/api/v1/devices/deviceState","家用业务 · 待整改","","","no","","待审查写操作/查询语义与专用临时资源，补前置、领域断言、清理验证后再执行"
"f6f01444-f66c-4301-b0c4-22cda9a14603","d44e679f-b333-4b97-9b79-9eba5e2824ab","d022c562-f417-404e-81b9-26b72893ccf6","GET","/print3d/api/v1/devices/deviceStateMark","家用业务 · 待整改","","","no","","待按接口语义复核副作用，补动态前置和领域断言；未完成本轮复验"
"11661104-0863-4bb6-bf2d-203580978336","5c54d34e-4bbf-486c-8aa0-7a73a8e0211d","cc1af0d0-e913-43f3-88cf-1340e0343845","GET","/print3d/api/v1/devices/mulColorMatch","家用业务 · 待整改","","","no","","待按接口语义复核副作用，补动态前置和领域断言；未完成本轮复验"
"5a4427a5-05ad-4da2-a88e-bb0e20d97c3c","95a3d252-66b9-4a0b-9e9e-e2b3d36dfd0f","ce8c05f2-da55-4c7e-8e05-8ed0057967be","POST","/print3d/api/v1/devices/rename","家用业务 · 待整改","","","no","","待审查写操作/查询语义与专用临时资源，补前置、领域断言、清理验证后再执行"
"5a675a65-3f55-4025-b6cb-fb0f95eabdeb","d1224a36-f90a-44a0-8d8f-63a8b94cc216","06a09142-21c2-4a13-bcff-bd5657c87a91","POST","/print3d/api/v1/devices/updateDeviceSetting","家用业务 · 待整改","","","no","","待审查写操作/查询语义与专用临时资源，补前置、领域断言、清理验证后再执行"
"e0eae58a-4d0f-412e-97f1-a52eff87206d","dfa5f941-1510-46e5-b187-8e7b579ca38f","cb634e23-0ac6-4a89-8042-5c3a288b07c1","GET","/print3d/api/v1/devices/upgrade","家用业务 · 待整改","","","no","","涉及数据清空/账号设备状态或外发；未触发，先确认专用资源与恢复边界"
"e866cd08-34d5-4a7b-8b40-7fa957992ca8","f9c6db08-dfbd-401b-b9d4-6edfee56ddf0","10a78bfd-7104-4042-8c53-307c0d9fcc0d","POST","/print3d/api/v1/fileConvert/h2p","家用业务 · 待整改","","","no","","待审查写操作/查询语义与专用临时资源，补前置、领域断言、清理验证后再执行"
"f6c2feaf-92e0-4e47-9e25-0ff8cb41bb13","9b469402-b9f9-4a93-a06c-6ae87053b7d6","b6e64f0c-307e-4077-a7e8-c7735326ae33","POST","/print3d/api/v1/survey/add","家用业务 · 待整改","","","no","","待审查写操作/查询语义与专用临时资源，补前置、领域断言、清理验证后再执行"
"83f515e6-9743-4513-a8fa-4385618682a4","0a638655-810d-4567-9ad3-65f7251ec258","f22ba157-e534-447d-b61e-603de39e25bf","POST","/print3d/api/v1/survey/get","家用业务 · 待整改","","","no","","待审查写操作/查询语义与专用临时资源，补前置、领域断言、清理验证后再执行"
"7e807740-1a32-48ff-9d1c-d95ea95c1b44","23d4f98d-4a29-4960-94a8-78475a685fb9","1dd124b4-0900-40bd-bb4f-e136b4590133","POST","/print3d/api/v1/invitation/create","家用业务 · 待整改","","","no","","待审查写操作/查询语义与专用临时资源，补前置、领域断言、清理验证后再执行"
"935cad2c-86a1-44d4-98b9-d37d5cbe754c","770de9da-531b-473c-83c3-98647b5ff3bb","824f6054-f10a-4fa3-9ba8-0a97893eca02","POST","/print3d/api/v1/invitation/invited","家用业务 · 待整改","","","no","","待审查写操作/查询语义与专用临时资源，补前置、领域断言、清理验证后再执行"
"26d4753a-af47-4fcf-b9ed-073650f241bf","e28beccc-8905-4426-a779-94ec49bd6230","90a78e65-4a47-4f70-93aa-8def7ff5f491","GET","/print3d/api/v1/open/inviteInfo","家用业务 · 待整改","","","no","","待按接口语义复核副作用，补动态前置和领域断言；未完成本轮复验"
"46ec32ce-03c6-400e-b5a5-039cfd2232f0","d8e21607-13f9-486b-94df-23194d53552d","18585d36-03ff-49af-855c-0279c0fc483f","GET","/print3d/api/v1/model/clickLatestModel","家用业务 · 待整改","","","no","","待按接口语义复核副作用，补动态前置和领域断言；未完成本轮复验"
"a57ac4b5-b48d-4ded-b8fa-2b4f20795039","81c5efb4-9ea1-4959-bc6d-82c82bf19fbf","c0036b1e-514a-4a7e-978f-7aa9da333446","GET","/print3d/api/v1/printJob/lastFinishJob","家用业务 · 待整改","","","no","","待按接口语义复核副作用，补动态前置和领域断言；未完成本轮复验"
"abfbca9e-259d-4e3e-87ec-5073ef92af24","79485abc-88cd-448c-b1db-0bfbebbce116","5b3ef7d9-b2e7-4fee-87fb-e19731d6a147","POST","/print3d/api/v1/distbution/devices/clean","家用业务 · 待整改","","","no","","涉及数据清空/账号设备状态或外发；未触发，先确认专用资源与恢复边界"
"afbc156c-2603-449a-93c6-b4dfc40e121a","0f99e851-7498-45da-bc57-19c20d7f8e5b","7be72258-d13f-45da-ba63-c6b962b74f77","GET","/print3d/manage/v1/diagnosis/pageData","家用业务 · 待整改","","","no","","待按接口语义复核副作用，补动态前置和领域断言；未完成本轮复验"
"fa6a44b0-ffa3-4d3d-a776-91341f833e86","76193933-21be-47c4-95ac-125b0c734e7d","f0d9b94e-538b-4170-b7ca-0f3821e9cfe6","GET","/print3d/api/v1/learningAdventure/task/canSubmit","家用业务 · 待整改","","","no","","待按接口语义复核副作用，补动态前置和领域断言；未完成本轮复验"
"8eee6bd7-f046-4dd6-a2c1-359534d94b6a","db3499ae-1cc6-47ef-af4f-5d017e43c61e","40a0d0ab-210d-4ef6-a352-87e8f46cee20","POST","/print3d/api/v1/learningAdventure/task/chat/step","家用业务 · 待整改","","","no","","待审查写操作/查询语义与专用临时资源，补前置、领域断言、清理验证后再执行"
"4b655a5d-f755-4107-bf08-abba40819729","89c95af5-f9ee-4c6a-af6d-abca4eba7169","14c09f7b-3b56-4fb7-b25c-f033b70d050b","POST","/print3d/api/v1/learningAdventure/task/current","家用业务 · 待整改","","","no","","待审查写操作/查询语义与专用临时资源，补前置、领域断言、清理验证后再执行"
"ce93220e-c665-4968-b624-b39e741c9237","8ab0d6af-1a99-4bbc-b279-585232cc6466","f3128da8-f210-47bb-86c7-427eda77c331","POST","/print3d/api/v1/learningAdventure/task/start","家用业务 · 待整改","","","no","","待审查写操作/查询语义与专用临时资源，补前置、领域断言、清理验证后再执行"
"04ea9231-5708-4b10-b1e7-203235497849","e01c0cef-cbf3-4bba-802e-120c4543c0d5","eba3544e-d06d-4b7b-b33e-7addb6b07166","POST","/print3d/api/v1/learningAdventure/task/submit","家用业务 · 待整改","","","no","","待审查写操作/查询语义与专用临时资源，补前置、领域断言、清理验证后再执行"
"c7b0bc17-8b51-4243-a913-44724457e4eb","62b2da6b-620f-4f43-87b0-94690eb6bb89","1c1bf3f7-a7eb-4939-bb27-0d341b0fcd70","GET","/print3d/api/v1/learningAdventure/current","家用业务 · 待整改","","","no","","待按接口语义复核副作用，补动态前置和领域断言；未完成本轮复验"
"b39b8fed-a20a-4c33-afb7-e3b80dfc2e18","1fc56357-8e6d-488a-af96-0a9860013a12","bb4bf233-eeff-4f5f-b0f1-e20883259479","POST","/print3d/api/v1/learningAdventure/user/clear","家用业务 · 待整改","","","no","","涉及数据清空/账号设备状态或外发；未触发，先确认专用资源与恢复边界"
"4346ce3a-2a73-4d8d-a26e-e3dd6888638f","fb7ca06d-744e-4772-b84e-baed162bd502","204fc037-225f-4aa7-8d6c-d9fd5a48c927","GET","/print3d/api/v1/learningAdventure/report/current","家用业务 · 待整改","","","no","","当前周报告code0/data=null，未满足预期报告对象，未采纳"
"9a7e4c3b-9efc-4754-86a8-45df6b08696f","56b7e159-3469-4829-8f92-aa19ba0553a5","09715b8d-45ac-4e1d-a23b-faa53ba5a407","GET","/print3d/api/v1/learningAdventure/report/graduation","家用业务 · 待整改","","","no","","需区分无任务/未结业场景与有任务/已结业场景，空值不能证明正向主链"
"ddfc60e5-1b42-4ae2-942e-f85933e4be5e","f55b5ce8-a855-42a8-8d98-cf5586457d72","45f2657b-a3cc-4122-a89d-4e0851505347","POST","/print3d/api/v1/aiModeling/image/checkPrintability","家用业务 · 待整改","","","no","","待审查写操作/查询语义与专用临时资源，补前置、领域断言、清理验证后再执行"
"ab681448-0552-4741-b5d0-a24c79acad7c","a6c23038-d570-4ef7-af10-58417ca62d2d","a6895822-ef93-4487-a112-9372f2990a96","POST","/print3d/api/v1/aiModeling/image/matchModelAssets","家用业务 · 待整改","","","no","","待审查写操作/查询语义与专用临时资源，补前置、领域断言、清理验证后再执行"
"feb88226-7e58-4eb9-8979-0b617f74e941","14717951-2850-4540-aee4-8ae1c6940a31","183d101e-8d50-4c0b-9421-85bfa9ba0d43","POST","/print3d/api/v1/aiModeling/text/chat","家用业务 · 待整改","","","no","","待审查写操作/查询语义与专用临时资源，补前置、领域断言、清理验证后再执行"
"b78a0b6a-6346-4087-9873-b0cb374e9a36","25b995ed-7b04-4eb7-bb33-99754405b4a9","31cfb6a4-3fa4-42a7-bcf1-8a5a0b64292a","POST","/print3d/api/v1/aiModeling/text/exactMatchModelAssets","家用业务 · 待整改","","","no","","待审查写操作/查询语义与专用临时资源，补前置、领域断言、清理验证后再执行"
"b3ec4470-ce01-4562-9c36-b6914acc65f0","fa95a482-f844-4b4d-a399-3e88e69a82a8","32832e1f-bfed-48ab-953f-41cb12c00401","POST","/print3d/api/v1/aiModeling/text/matchModelAssets","家用业务 · 待整改","","","no","","待审查写操作/查询语义与专用临时资源，补前置、领域断言、清理验证后再执行"
"683b9066-417c-4c65-bd7e-5ed58f172510","70ee7796-8935-4a6f-8698-2c1dd03d534c","09f18528-8b77-404f-b170-81b5fce44d37","POST","/print3d/api/v1/aiModeling/text/matchModelAssetsV2","家用业务 · 待整改","","","no","","待审查写操作/查询语义与专用临时资源，补前置、领域断言、清理验证后再执行"
"0b7bdd11-f6b2-4ed3-a54e-c4df883b8158","f1ffd381-0bf8-45ec-93a4-4164ab1d1565","de907cbb-3a8f-4c36-8729-45e9b2ceab3c","POST","/print3d/api/v1/aiModeling/text/searchImages","家用业务 · 待整改","","","no","","待审查写操作/查询语义与专用临时资源，补前置、领域断言、清理验证后再执行"
"b23a6bd6-b145-4719-bbb2-ec56b448911a","7992bc2b-1016-457c-8424-6f9d4a90f1db","9f1682a1-ca6b-493e-86d7-2f52e28260e2","POST","/print3d/api/v1/printJob/modelPlacementAiTip","家用业务 · 待整改","","","no","","待审查写操作/查询语义与专用临时资源，补前置、领域断言、清理验证后再执行"
"4442639b-002b-41bb-825e-94d82e9040bb","1774b95b-2104-4118-a364-57ef64f5264e","52b997f9-4369-4e7d-a22a-cd7ba22773b8","POST","/print3d/api/v1/aiGraffiti/create","家用业务 · 待整改","","","no","","待审查写操作/查询语义与专用临时资源，补前置、领域断言、清理验证后再执行"
"d16a724b-b708-4778-b39f-0df8c543db6d","d219a45c-852a-42b1-ac13-f40b880aca79","7fca6280-6e3d-42e8-91ec-c351ef92e958","POST","/print3d/api/v1/aiGraffiti/delete","家用业务 · 待整改","","","no","","待审查写操作/查询语义与专用临时资源，补前置、领域断言、清理验证后再执行"
"8b8307fe-c853-4867-80c9-8ad07df3d06a","bf7829bc-ae51-414a-9b7d-adddca31f296","0bea8a65-141c-4fe6-bcd2-6667ec29e605","GET","/print3d/api/v1/aiGraffiti/query","家用业务 · 待整改","","","no","","待按接口语义复核副作用，补动态前置和领域断言；未完成本轮复验"
"18ac1d3f-fecf-40c7-9509-5536eb32823e","667dd986-1ce4-413d-a3f1-69a1af53ab96","36a7ace7-4b99-4844-bd5c-2bf558a7eb5b","POST","/print3d/api/v1/model/importV2","家用业务 · 待整改","","","no","","待审查写操作/查询语义与专用临时资源，补前置、领域断言、清理验证后再执行"
"8582273b-ede4-475b-a754-ad156a0c3654","feeb6b8e-48cd-4a6f-837d-736187522529","be2bb213-9cd4-4521-9dc8-fd0f33c0ffe3","GET","/print3d/api/v1/model/importV2/status","家用业务 · 待整改","","","no","","GET可能创建/推进模型任务，须专用任务和清理证明后再运行"
"c4858e49-4c0d-4921-a929-2cda7cca1470","1f785430-3945-431d-8f9b-926dce37135f","b314f8d2-402a-4b3b-94a7-70ab8d734742","GET","/print3d/api/v1/imageModel/cancel","家用业务 · 待整改","","","no","","待按接口语义复核副作用，补动态前置和领域断言；未完成本轮复验"
"239a115b-095a-45d3-a11d-b1809355b48c","f25e2fb4-c669-4ed8-9014-9937d2b8c23c","a703668a-5f8d-4814-84ab-ce8e6089c4c9","POST","/print3d/api/v1/imageModel/createV2","家用业务 · 待整改","","","no","","待审查写操作/查询语义与专用临时资源，补前置、领域断言、清理验证后再执行"
"acec3d16-f380-47b9-8001-0c60c96e66bc","664d8706-ea70-4f74-85b8-a88772b5d4d7","e9296e03-e0ea-45a3-8380-ca3de846ed9f","POST","/print3d/api/v1/imageModel/generate3dImage","家用业务 · 待整改","","","no","","待审查写操作/查询语义与专用临时资源，补前置、领域断言、清理验证后再执行"
"45fc137c-c29c-4fd6-9c8a-0e230be1162d","460e5451-047c-450f-ba00-07e8fb2ca2f1","539a5042-0f21-40a7-8456-76c0515d26d6","GET","/print3d/api/v1/imageModel/query","家用业务 · 待整改","","","no","","待按接口语义复核副作用，补动态前置和领域断言；未完成本轮复验"
"c91794c1-c80c-43d8-925f-ae4c3907b741","808f69ee-8d7f-40a9-8484-b85ac4f90548","2a698c4d-7c34-488c-a2e5-c5d44fd361cf","GET","/print3d/api/v1/imageModel/query3dImage","家用业务 · 待整改","","","no","","待按接口语义复核副作用，补动态前置和领域断言；未完成本轮复验"
"8c124b2b-cea4-4c0e-9f94-e7dd46c068d9","21e3c132-569f-46dc-8870-1f1aede42522","82840d49-85d1-4933-a440-0162320efa9d","GET","/print3d/api/v1/imageModel/queryCurrentModel","家用业务 · 待整改","","","no","","待按接口语义复核副作用，补动态前置和领域断言；未完成本轮复验"
"15edd204-c60f-4484-bb19-69eb8f8ba5b4","386bd1be-2e6e-4b31-b8b3-c0334796f54c","c9234729-8623-4344-89de-bedb5b31c68c","GET","/print3d/api/v1/imageModel/queryLastSuccessModel","家用业务 · 待整改","","","no","","待按接口语义复核副作用，补动态前置和领域断言；未完成本轮复验"
"4a3488af-734d-4d0d-84c2-ce96db08b736","52ec03d1-bf4b-4a0c-a9d4-a35cd6459c60","df43eb31-0bb2-470b-9d87-ec67644f538b","GET","/print3d/api/v1/createTextModel/cancel","家用业务 · 待整改","","","no","","待按接口语义复核副作用，补动态前置和领域断言；未完成本轮复验"
"9a1b0374-5dc0-4b31-b781-528cd912095b","70419cfc-892f-45a2-ac91-49ac47552b72","ce49d196-ba69-4edc-bf87-44c8fc981a2f","GET","/print3d/api/v1/createTextModel/continue","家用业务 · 待整改","","","no","","待按接口语义复核副作用，补动态前置和领域断言；未完成本轮复验"
"e82bc4a1-2b83-4aad-a41f-fe497019c347","e535c9e2-59a7-4c42-9202-9de534b059c9","bd0cc5a8-8d19-4ce8-b92d-43ccf5494022","GET","/print3d/api/v1/createTextModel/query","家用业务 · 待整改","","","no","","待按接口语义复核副作用，补动态前置和领域断言；未完成本轮复验"
"413c6bb5-8061-4e35-a96d-7b8ba8be74b1","8a95901a-0f1c-4f0f-9eac-f854639dbbc0","10184eaf-bb40-4f82-bcc6-717f101d582e","GET","/print3d/api/v1/createTextModel/queryCurrentModel","家用业务 · 待整改","","","no","","待按接口语义复核副作用，补动态前置和领域断言；未完成本轮复验"
"eb4fee5e-3dc5-4562-8cd6-fa7d242f3219","f38efad2-62ed-4dcd-ab50-fa08844c5dd3","a7a4f0aa-6324-4878-a871-d501e5edbe79","GET","/print3d/api/v1/createTextModel/queryLastSuccessModel","家用业务 · 待整改","","","no","","待按接口语义复核副作用，补动态前置和领域断言；未完成本轮复验"
"783b83b5-1d93-494c-b527-0c305d81780b","ed3bc644-4e37-4298-a708-fcfce55fd8f0","58d9ca33-31f9-4a2c-a61d-17a33fed81ab","GET","/print3d/api/v1/createTextModel/retry","家用业务 · 待整改","","","no","","待按接口语义复核副作用，补动态前置和领域断言；未完成本轮复验"
"f238fe8a-d45e-4094-b783-a47e693090ed","9bd15a11-179d-4ab5-af00-4b69e2d6a9ce","8a287f96-bbd7-418c-8b9b-692271bf2e50","POST","/print3d/api/v1/createTextModel/textV2","家用业务 · 待整改","","","no","","待审查写操作/查询语义与专用临时资源，补前置、领域断言、清理验证后再执行"
"842f1201-1897-4f24-888d-b403a55302ef","544f8d98-c56b-4324-9bf1-aadd8516a066","7eaa820c-c6ff-42a0-86f7-e267f9e5735c","POST","/print3dParam/api/v1/library/list","家用业务 · 待整改","","","no","","待审查写操作/查询语义与专用临时资源，补前置、领域断言、清理验证后再执行"
"61151eb5-4f39-42c1-97d7-7a3f21353908","8aa34dca-f7a8-4296-80e6-2c8e744fb96e","4669dfb3-fb81-4a7f-bcfc-87aeaae958c0","POST","/print3d/api/v1/feedback/user-read","家用业务 · 待整改","","","no","","待审查写操作/查询语义与专用临时资源，补前置、领域断言、清理验证后再执行"
"8798f239-aa27-45bb-ba3b-fbda2dd76770","52908960-611c-4167-ae1e-b59a4c707473","3feb305f-d3c7-481b-aab6-e35de5cfe3d4","POST","/print3d/api/v1/modelDownloads/add","家用业务 · 待整改","","","no","","待审查写操作/查询语义与专用临时资源，补前置、领域断言、清理验证后再执行"
"09624353-5e91-4cf1-98e4-bace58ff5645","cf7de74c-4f48-42fd-a4f1-967c53079dba","4c1d8d79-c2d9-4848-9dca-32acc1674c56","POST","/print3d/api/v1/modelDownloads/drops","家用业务 · 待整改","","","no","","待审查写操作/查询语义与专用临时资源，补前置、领域断言、清理验证后再执行"
"40099076-7817-4f2c-afc3-d124988adf53","f28e7a65-3655-4e4b-8207-927781ad50ea","263d1956-cc9f-4498-8815-932bcb2f44ba","POST","/print3d/api/v1/modelDownloads/edit","家用业务 · 待整改","","","no","","待审查写操作/查询语义与专用临时资源，补前置、领域断言、清理验证后再执行"
"48b136b4-b2a2-4933-aae5-20f250646f8a","0cc90748-6b93-46a8-a5ad-60005080709d","0587c393-13fe-4074-ab52-6bc8e0b9ceaa","GET","/print3d/api/v1/modelDownloads/info","家用业务 · 待整改","","","no","","待按接口语义复核副作用，补动态前置和领域断言；未完成本轮复验"
"1d578c4e-8498-4312-81c7-e874cd6781d4","fa769206-aaeb-4a1c-b08f-feed18f65672","e54ea84f-3485-40d5-b744-dc7a4c3bdb37","POST","/print3d/api/v1/collection/add","家用业务 · 待整改","","","no","","需增加原收藏状态保护、data=true和清理后验证，不能取消已有收藏"
"cd1c7197-dc47-4462-bee3-c0d057af226a","fa2876a3-e0df-4001-9c33-72334becfc5b","c43650cb-1cc5-4ea8-89e6-79158e99cdcb","POST","/print3d/api/v1/collection/cancel","家用业务 · 待整改","","","no","","待审查写操作/查询语义与专用临时资源，补前置、领域断言、清理验证后再执行"
"0c4917d0-465a-4438-aa6a-7839455bfb7a","f6a1740f-856b-45fd-ae39-8e1715fd01ac","95533bd8-0dfb-4412-83c3-14a2a26cdb18","POST","/print3d/api/v1/users/logoff","家用业务 · 待整改","","","no","","涉及数据清空/账号设备状态或外发；未触发，先确认专用资源与恢复边界"
"f5f95ead-9ffa-46de-9e1e-76535fc00066","16ccf87e-c1d4-46c3-bc78-3f7958ec7690","a07a849d-783a-496e-a52f-c56c03730c53","POST","/print3d/api/v1/users/updateInfo","家用业务 · 待整改","","","no","","待审查写操作/查询语义与专用临时资源，补前置、领域断言、清理验证后再执行"
"356b8963-4007-4663-8cde-0c243f29d542","699dd236-f5b0-4ed6-9cd7-901b35548b6d","83a87387-92c8-48af-b48f-e0464d6ba101","POST","/print3d/api/v1/createModel/delete","家用业务 · 待整改","","","no","","待审查写操作/查询语义与专用临时资源，补前置、领域断言、清理验证后再执行"
"462d1168-7775-4243-bd10-82eb4c334922","014c3cac-a407-44c6-bc91-31d8305ab064","29062265-e395-44db-9131-d50117a3f0af","GET","/print3d/api/v1/createModel/detail","家用业务 · 待整改","","","no","","待按接口语义复核副作用，补动态前置和领域断言；未完成本轮复验"
"546f4a96-1275-4139-9540-6590226e69ee","17d69dc2-6056-49a6-adb7-6c7d54f3466a","29b935a4-fe36-4fb3-8152-7b4f7395d7cc","POST","/print3d/api/v1/model/emptyPromptRecommend","家用业务 · 待整改","","","no","","待审查写操作/查询语义与专用临时资源，补前置、领域断言、清理验证后再执行"
"19948432-e685-442e-aad9-cdad51b2eac4","4e45caaa-bb8d-468c-96c4-d9ebc5802729","da708679-e5d9-4182-a7a5-ccee349173bd","GET","/print3d/api/v1/model/lightweight/status","家用业务 · 待整改","","","no","","待按接口语义复核副作用，补动态前置和领域断言；未完成本轮复验"
"4492f159-480b-4427-bf07-be81e8302074","e0d8a01d-fbb0-45d5-bad6-b7c2566bdee9","e8d650c8-effe-453c-8daa-207449284795","POST","/print3d/api/v1/modelMaterials/pixelBySns","家用业务 · 待整改","","","no","","待审查写操作/查询语义与专用临时资源，补前置、领域断言、清理验证后再执行"
"f3597dfc-3bbc-4cb3-9361-f52624e8583e","e716d722-cb56-4d60-898f-88f1ec09c11b","321454dc-1619-45b8-a0b2-f72157f464ff","GET","/print3d/api/v1/devices/infoByOriSn","家用业务 · 待整改","","","no","","待按接口语义复核副作用，补动态前置和领域断言；未完成本轮复验"
"5211c534-bdcd-42af-89f3-528711ff5c42","05a9afcb-48cc-4963-b2fb-68da43c777bd","a86a48c4-48f4-48d8-8936-9061978d3d80","POST","/print3d/api/v1/survey/entry/click","家用业务 · 待整改","","","no","","待审查写操作/查询语义与专用临时资源，补前置、领域断言、清理验证后再执行"
"119cd0f4-411f-427d-b059-0fea9419e920","7e098b70-fe76-4631-bb0b-71276417447d","3486c45a-b3bf-4fe2-b116-199fad857229","POST","/print3d/api/v1/appRating/postpone","家用业务 · 待整改","","","no","","待审查写操作/查询语义与专用临时资源，补前置、领域断言、清理验证后再执行"
"6a770bfc-2058-4847-9254-dd7d0097d286","76caa6b0-41eb-4cea-aed8-9002ab5fb7cb","f507906b-1352-47b5-ba0e-75109059fe7b","POST","/print3d/api/v1/collection/add","未分组","com.kfb.model","home","no","","需增加原收藏状态保护、data=true和清理后验证，不能取消已有收藏"
"5a54599c-e3eb-45bc-aa5c-4c8a8cc6a9c6","34dbcec5-3d14-4029-be67-9efee8c3dc7e","81fafd0e-223b-4102-b7e7-3cfa03a9fd15","GET","/print3dAI/api/v1/imageModel","本地测试","","","no","","待核对本地服务/环境和应用归属，未完成本轮真实复验"
"dbd9e58f-c764-4ec4-90fe-8338ef49bcc3","f32caa9a-e2e2-4012-9b03-fb09a01f88f5","582a846b-3a01-4f9d-9bf2-f2f3404f8aac","GET","/print3dAI/api/v1/queryImageDetail","本地测试","","","no","","待核对本地服务/环境和应用归属，未完成本轮真实复验"
"bceac0cf-4807-4b3d-9179-e23d7bc0ea2c","5ea70bc4-041e-451e-a877-6fafc5a8dfb2","0d35fc58-fbc7-464f-9e24-c48f126d685a","GET","/print3dAI/api/v1/queryTo3DDetail","本地测试","","","no","","待核对本地服务/环境和应用归属，未完成本轮真实复验"
"92435b6f-c325-4c98-bb5c-f35490706d93","9086f2ff-2db1-41ec-82cb-6b97f8f10988","2aba1d3c-711a-4304-b5cc-d2b8c2a86c8c","GET","/print3dAI/api/v1/queueInfo","本地测试","","","no","","待核对本地服务/环境和应用归属，未完成本轮真实复验"
"81c7d638-ebf6-4280-bca1-68f091e146eb","2fc86dc0-57fd-48d0-b9a7-a0d5e52ef73e","a377adcd-ee15-4dba-a4b1-e80a5d3e7d8c","POST","/print3dAI/api/v1/to3dModel","本地测试","","","no","","待核对本地服务/环境和应用归属，未完成本轮真实复验"
"ffd60877-b009-4314-9938-936ed5918f9a","299a81a7-e692-4b3b-a207-50d1c1d66770","53bc93df-3612-40c4-9a0b-69d9abbf22a7","GET","/pmc/api/v1/iot/topicMsg","本地测试","","","no","","待核对本地服务/环境和应用归属，未完成本轮真实复验"
"0dbb9f96-7c9a-4c3b-92d6-9eaae5571de0","95836299-3c12-43a1-a5a5-24881a7a06ca","8d41efd5-2fbe-4352-97bd-af4330776f60","POST","/pmc/api/v1/open/report","本地测试","","","no","","待核对本地服务/环境和应用归属，未完成本轮真实复验"
"2d115792-2d9c-43b9-8cc5-e27019ca7a4a","291a0a2b-d59f-4cae-a193-23833e772c82","911598f8-fd1c-47fb-a240-0b9f010e4023","GET","/print3dParam/api/v1/library/list","本地测试","","","no","","待核对本地服务/环境和应用归属，未完成本轮真实复验"
"25f03070-579c-488b-afd1-66755ccc9e68","20eec3e1-f86d-4016-b3fa-53e24ccd0280","72a11090-aea3-4f3a-a5d3-4be1aeee8d3f","POST","/print3dParam/api/v1/loadModel","本地测试","","","no","","待核对本地服务/环境和应用归属，未完成本轮真实复验"
"b49d38ae-8efa-4592-90cb-a69dd56cfa8e","54a38a74-5d84-43ef-ab40-3dc26493afac","4865ddb2-5ba1-4df7-88dd-069a605821c3","GET","/pmc/api/v1/deviceCmd/deviceStatus","本地测试","","","no","","待核对本地服务/环境和应用归属，未完成本轮真实复验"
"b86f2147-36b8-42a3-9ca5-d87dc83a4805","c3728e73-7032-4bf4-b75e-9d2e872d9ab5","6e73b631-4979-4fc8-8ad0-b1853abd880e","POST","/pmc/api/v1/deviceCmd/print","本地测试","","","no","","待核对本地服务/环境和应用归属，未完成本轮真实复验"
"5c0aa4d6-2cf6-4bb5-a1cd-e3c45fc27025","02484063-377d-4103-bf0f-b9bfe61a3f1b","1fd5dbe3-7854-40e3-86d7-e9c3556e8563","GET","/pmc/api/v1/deviceCmd/printStatus","本地测试","","","no","","待核对本地服务/环境和应用归属，未完成本轮真实复验"
"f082966e-1c72-4259-8bb7-60b347e516d7","dc23d830-7bfc-4437-a37c-b8f8e8cd7149","9bb81872-9b1c-41f4-909b-4826dae3cb7e","POST","/pmc/api/v1/deviceCmd/send","本地测试","","","no","","待核对本地服务/环境和应用归属，未完成本轮真实复验"
"418045ed-35ff-496c-9c22-6f79c0747527","326dec6d-a64f-48ff-a361-49f67c9f2a0f","56218a8c-ec9f-49fc-a66a-38188606c377","POST","/pmc/api/v1/open/qidiReport","本地测试","","","no","","待核对本地服务/环境和应用归属，未完成本轮真实复验"
"8fd742d2-2529-4d0e-b4c3-05380dc5b29a","9928e343-68c1-4ef0-b8c7-57419e75c880","7618fe27-06fd-42c4-bfd9-7c383668cb5e","GET","/pds/api/v1/slice-param-config/device-and-slice-type","本地测试","","","no","","待核对本地服务/环境和应用归属，未完成本轮真实复验"
"634cd88a-b0cf-4dd0-817e-8299ee5651d7","4215206e-ef27-43c9-8dbc-9553539789b6","663a41ce-369a-4358-997d-90350ef3c185","GET","/pds/api/v1/slice-param-config/page","本地测试","","","no","","待核对本地服务/环境和应用归属，未完成本轮真实复验"
"7882ccd3-9004-41c5-a059-90d2faba307a","296727f0-7b7d-4d3e-890e-e878d34ce825","7decb4cb-76a7-4c5a-a3f9-4d3c1ebdd32f","GET","/pds/api/v1/slice-param-config/sliceInfo","本地测试","","","no","","待核对本地服务/环境和应用归属，未完成本轮真实复验"
"6177a5f7-ffe2-46ea-889f-ce77d4963f29","79eaf63a-3276-47fa-bd9e-bf818796e526","8012787d-f4ea-416f-bd72-a3be2b83d7e7","POST","/pmc/api/v1/iot/ota/fireware/version/released","本地测试","","","no","","待核对本地服务/环境和应用归属，未完成本轮真实复验"
"27269ddc-12c7-4608-9776-2ae2ea446c54","8cf22d45-4278-44d0-9486-099703660ed1","b3f9a21a-ec00-41de-aa03-4537de180718","GET","/pmc/api/v1/iot/ota/firmware-release-history","本地测试","","","no","","待核对本地服务/环境和应用归属，未完成本轮真实复验"
"b34d6189-0f28-4716-96ee-45f5b0777917","586ae235-4309-4b6f-b0fc-fbb893f4f1a1","9b2d9a28-3965-4120-bd4e-11a1e8c45c1d","GET","/pmc/api/v1/iot/ota/upgrade-info","本地测试","","","no","","待核对本地服务/环境和应用归属，未完成本轮真实复验"
"61fbb02b-3486-49a0-9b19-3d9181bb7d4a","0af779ae-646d-4d11-980d-76df94f6c2e0","1618b1e5-a0ea-4731-ab2e-a4717c21c842","POST","/print3d/api/v1/qidi/collection/page","本地测试","","","no","","待核对本地服务/环境和应用归属，未完成本轮真实复验"
"25c85441-4dad-4b51-a5ce-ccf65d31d4f4","fc3cc4d4-9a1f-4076-9c99-36633d1a85bb","46f62ef5-e037-4701-8fa3-78cd0d789634","GET","/print3d/api/v1/qidi/component/info","本地测试","","","no","","待核对本地服务/环境和应用归属，未完成本轮真实复验"
"e7fef639-86f1-4f82-955f-ac47853aee95","21acd6fe-6b05-412b-a2aa-f6382cf5af59","3c6c00e4-83c6-4210-add9-58307bb3d8fd","GET","/print3d/api/v1/qidi/filament/slots/current","本地测试","","","no","","待核对本地服务/环境和应用归属，未完成本轮真实复验"
"7dd42831-f26e-4db1-9e33-91aea3b57e41","24d5c105-9bd8-45ba-8f8c-b9d80aac9e22","3747c99a-3dba-42fe-9fc6-e475ff5b6713","GET","/print3d/api/v1/qidi/filament/tree","本地测试","","","no","","待核对本地服务/环境和应用归属，未完成本轮真实复验"
"57678181-087b-40ad-a3cf-9ae43bec1733","ef46ab7c-637d-406b-a157-46e079b8e9d4","ef7fa0d7-0c9e-4b73-bf99-b99a9d0dbca6","POST","/print3d/api/v1/qidi/printInfo","本地测试","","","no","","待核对本地服务/环境和应用归属，未完成本轮真实复验"
"d63815cc-dbb6-4ea9-a6cf-8d2bed2aa511","f0b53096-86bc-4e0c-b9f6-8df56a8dc081","c4f2ffaf-4dbd-49c8-ace0-51ca5634147a","GET","/print3d/api/v1/qidi/token","本地测试","","","no","","待核对本地服务/环境和应用归属，未完成本轮真实复验"
"bede1b9e-a7bd-4d35-acc5-ebc1951a5409","eedfde5a-b5b7-40da-af5b-dfa7e9e939b8","ad3d56ca-cb22-4e7f-bee5-e62aea5f43df","GET","/print3d/api/v1/qidi/user","本地测试","","","no","","待核对本地服务/环境和应用归属，未完成本轮真实复验"
"a6280d8a-ff25-41d1-b568-60aa81e7ced6","d9503fec-b40d-4961-9e63-4a88fa202d49","f36114d9-8244-4de9-80cf-8e56e850191d","GET","/print3d/api/v1/qidi/users","本地测试","","","no","","待核对本地服务/环境和应用归属，未完成本轮真实复验"
"e11e5d62-1212-48e6-a812-3dd319e3ca8a","a2adf93d-4e76-47a6-8f95-b32d070787c7","e81c02e3-f8b6-478d-aae3-5b647036724d","GET","/print3d/api/v1/devices/info","本地测试","","","no","","待核对本地服务/环境和应用归属，未完成本轮真实复验"
"f9be494f-80db-4fff-87ce-17a87116cb0d","833df21c-6450-488a-855b-b671395b7428","08b37491-a9a9-4713-a8a8-928e72011326","GET","/print3d/api/v1/devices/workInfo","本地测试","","","no","","待核对本地服务/环境和应用归属，未完成本轮真实复验"
"db2b5b9b-a128-4754-9a0a-bb7bd1aad717","e302ba03-466e-4437-8d63-d0877205fbad","579029a1-5c49-4bda-8fc6-f504198ad353","GET","/print3dOperationCenter/api/v1/banner/list","运营中心","","","no","","待核对所属应用/业务及接口契约，未完成本轮复验"
